,checking-account,duration,credit-history,purpose,credit-amount,savings-account,employment-since,installment-rate,other-debtors,residence-since,property,age,other-installment,housing,existing-credits,job,numner-people-provide-maintenance-for,telephone,foreign-worker,sex,marital-status,class-label
0,2,2,2,8,1,5,4,4,3,4,2,2,2,2,2,2,1,2,2,2,1,2
1,1,3,4,8,3,3,1,2,3,2,2,1,2,2,1,2,1,1,2,1,1,1
2,4,3,2,5,2,3,2,2,3,3,2,2,2,2,1,4,2,1,2,2,1,2
3,2,3,4,6,3,3,2,2,2,4,3,2,2,1,1,2,2,1,2,2,1,2
4,2,3,3,2,2,3,1,3,3,4,4,2,2,1,2,2,2,1,2,2,1,1
5,4,3,4,5,3,5,1,2,3,4,4,2,2,1,1,4,2,2,2,2,1,2
6,4,3,4,6,2,2,4,3,3,4,3,2,2,2,1,2,1,1,2,2,1,2
7,1,3,4,3,3,3,1,2,3,2,1,2,2,3,1,1,1,2,2,2,1,2
8,4,3,4,8,2,4,2,2,3,4,2,2,2,2,1,4,1,1,2,2,1,2
9,1,3,2,2,3,3,5,4,3,2,1,2,2,2,2,1,1,1,2,2,2,1
10,1,3,4,2,1,3,3,3,3,1,1,1,2,3,1,2,1,1,2,1,1,1
11,2,3,4,1,2,3,3,3,3,4,3,1,2,3,1,2,1,1,2,1,1,1
12,1,3,4,8,1,3,1,1,3,1,1,1,2,2,1,2,1,2,2,1,1,2
13,2,3,2,2,1,3,4,4,3,4,1,2,2,2,2,4,1,1,2,2,1,1
14,2,3,4,2,1,3,1,2,3,4,1,2,2,3,1,2,1,1,2,1,1,2
15,2,3,4,8,1,1,1,4,3,2,1,2,2,2,1,4,1,1,2,1,1,1
16,4,3,2,8,2,5,4,4,3,4,3,2,2,2,2,2,1,1,2,2,1,2
17,2,3,5,1,3,5,3,2,3,3,1,1,1,2,3,2,1,1,2,2,1,2
18,1,3,4,3,3,3,4,4,3,2,4,2,2,1,1,1,1,2,2,1,1,1
19,4,3,4,8,2,2,4,3,3,2,1,2,2,2,1,2,2,2,2,2,1,2
20,4,2,2,2,2,3,1,4,3,4,1,2,2,2,3,2,1,2,2,2,1,2
21,2,2,4,8,2,2,1,2,3,3,2,2,2,3,1,2,2,1,2,2,1,2
22,2,2,2,2,2,3,3,1,3,3,2,2,2,3,2,4,2,1,1,2,1,2
23,1,3,2,3,1,1,3,3,3,4,3,2,2,2,1,2,1,1,2,2,1,2
24,4,2,2,6,2,5,1,2,3,1,1,2,2,2,2,2,1,1,1,2,2,2
25,2,2,4,6,1,3,1,1,3,2,2,2,1,2,1,4,1,2,2,2,1,2
26,4,2,5,8,1,3,4,4,3,4,1,2,2,2,1,4,1,1,2,2,2,2
27,3,3,1,8,1,4,1,3,3,3,2,2,2,3,2,2,1,1,2,1,1,2
28,1,2,4,8,2,3,1,3,2,2,2,2,2,2,1,2,1,1,2,2,1,2
29,2,3,3,1,3,3,4,3,3,4,4,2,2,2,2,2,1,2,2,2,1,1
30,1,3,4,1,1,4,3,3,3,3,2,2,1,2,1,2,1,2,2,2,2,2
31,2,3,4,6,2,3,1,2,3,2,1,2,3,2,1,2,1,1,2,2,1,2
32,1,3,4,2,3,1,1,2,3,2,1,2,2,2,2,2,1,2,2,2,1,2
33,4,3,2,1,1,5,4,4,3,4,4,2,2,3,1,4,1,1,2,2,1,2
34,3,3,4,6,1,3,3,4,3,1,3,2,1,2,1,1,1,2,2,1,1,2
35,1,3,2,8,2,3,3,4,3,2,3,1,2,2,2,4,1,1,2,2,1,1
36,4,3,2,5,3,3,1,1,3,3,4,2,1,1,1,2,1,2,2,2,1,2
37,3,3,4,8,2,3,1,4,1,2,2,2,3,2,1,2,1,1,2,2,1,1
38,3,2,4,4,1,3,1,2,3,2,1,2,2,2,1,2,1,2,2,2,1,2
39,1,2,4,8,1,3,1,4,3,3,2,1,2,2,1,2,1,1,2,2,1,2
40,4,3,4,8,2,2,4,4,3,2,1,2,1,2,1,1,1,1,2,2,1,2
41,1,3,4,8,1,2,1,3,3,1,1,2,2,2,1,2,1,2,2,2,1,2
42,1,3,3,9,3,3,1,2,3,4,2,2,2,2,1,4,2,2,2,2,1,2
43,2,3,2,3,3,1,2,1,3,4,1,1,2,3,2,2,1,1,2,2,2,2
44,2,3,2,3,3,3,4,4,3,4,4,2,3,1,2,4,1,1,2,1,1,1
45,4,2,2,2,1,3,3,4,3,4,1,2,2,2,2,1,1,1,2,1,1,2
46,4,3,4,8,2,2,4,4,3,4,1,2,2,2,1,2,1,1,2,2,1,2
47,2,2,4,3,1,2,5,1,3,2,3,1,2,3,1,3,1,2,2,1,1,2
48,4,2,2,2,3,3,1,1,3,4,3,2,2,2,2,4,1,1,2,2,1,2
49,4,3,4,8,2,1,1,4,1,2,2,2,2,2,1,2,1,1,2,1,1,2
50,1,3,3,6,2,5,3,4,3,2,3,2,1,2,1,4,1,1,2,2,1,2
51,1,3,3,3,3,3,4,1,3,2,1,2,2,2,2,1,1,2,2,2,1,2
52,4,3,4,8,1,3,1,3,3,2,1,1,2,2,1,2,1,1,2,2,1,2
53,4,3,4,3,2,5,1,2,3,1,3,2,2,2,1,2,1,2,2,2,1,2
54,1,3,3,2,2,3,4,4,3,4,4,2,1,1,2,2,1,2,2,2,1,1
55,4,2,1,2,1,5,1,1,2,2,2,2,3,2,1,4,2,1,2,2,1,2
56,1,3,4,8,3,5,5,2,3,1,4,2,2,2,1,1,1,2,2,2,1,1
57,4,3,2,8,3,3,1,2,3,2,1,2,3,2,2,2,1,1,2,1,1,2
58,3,3,4,2,1,3,4,3,3,2,1,1,2,2,1,1,1,1,2,1,1,2
59,2,3,2,6,3,3,3,4,1,4,4,1,2,3,2,4,1,2,2,1,1,1
60,1,2,4,1,1,3,1,2,3,1,2,2,1,2,1,2,1,2,2,2,2,2
61,1,3,2,8,1,5,4,4,2,4,2,2,2,2,2,2,1,2,2,2,1,2
62,1,3,5,1,1,3,4,4,3,4,4,2,2,1,1,1,1,2,2,2,1,1
63,1,3,5,1,3,3,1,2,3,2,1,1,2,2,1,2,1,2,2,2,1,1
64,4,3,4,8,2,3,3,4,3,4,3,2,2,2,1,2,1,2,2,1,1,2
65,4,3,4,9,3,5,4,4,3,4,3,2,2,2,4,2,2,2,2,2,1,2
66,4,3,4,8,2,3,3,2,3,2,1,2,1,2,1,2,1,1,2,1,1,2
67,1,3,4,2,1,4,1,4,3,1,2,1,2,2,1,2,1,1,2,2,2,2
68,4,3,4,5,1,3,1,4,3,4,4,2,3,1,1,2,1,2,2,2,1,1
69,4,3,4,8,2,5,1,4,3,4,1,1,2,2,1,2,1,1,2,1,1,2
70,4,3,4,3,3,3,1,1,3,2,3,2,1,2,1,2,1,1,2,1,1,2
71,4,2,2,8,1,5,4,4,3,2,3,2,2,3,2,4,1,2,2,2,1,2
72,2,2,2,7,1,3,4,3,3,4,4,2,1,1,2,1,2,2,2,2,1,2
73,1,3,2,1,3,3,2,2,3,1,2,2,1,2,2,4,1,1,2,1,1,2
74,2,3,4,5,1,5,4,4,3,4,4,2,2,2,1,1,1,2,2,2,1,1
75,2,3,2,3,1,3,4,4,3,4,4,2,2,1,2,1,1,1,2,2,1,2
76,2,3,4,8,2,3,3,4,3,3,1,2,2,2,1,2,1,1,2,2,1,1
77,1,2,3,8,2,3,2,2,3,4,3,2,2,2,1,2,1,1,2,2,1,2
78,4,3,5,3,3,5,1,2,3,2,3,2,2,2,1,4,2,1,2,2,1,2
79,1,3,4,6,2,3,3,2,3,1,3,1,2,2,1,2,1,1,2,2,2,2
80,4,3,4,8,3,5,3,1,3,1,1,2,2,2,2,2,1,2,2,1,1,1
81,4,3,4,8,1,2,4,4,3,3,3,2,3,2,1,2,1,2,2,2,1,2
82,4,3,4,1,1,1,1,3,3,4,3,1,2,3,1,4,1,1,2,1,1,2
83,2,3,4,7,1,3,4,4,2,4,2,2,2,2,1,4,1,2,2,1,1,2
84,2,2,4,8,2,3,4,3,3,4,2,2,2,2,1,4,1,1,2,2,1,2
85,4,3,2,1,1,3,1,4,2,2,2,2,2,2,2,1,1,2,2,1,1,2
86,1,3,2,6,1,3,3,4,3,1,3,2,2,2,2,2,1,1,2,1,1,2
87,1,3,4,5,3,1,1,1,3,4,4,2,2,1,1,2,2,2,2,2,1,1
88,2,3,4,2,2,1,2,4,3,3,1,2,2,2,1,1,2,2,2,2,1,2
89,2,3,5,9,1,3,2,4,3,3,2,2,2,2,2,2,1,1,2,2,1,1
90,4,3,2,8,1,3,4,4,3,4,2,2,2,2,1,2,1,1,2,2,1,2
91,2,3,2,3,1,3,4,4,3,3,2,2,2,2,1,2,1,1,2,2,1,2
92,4,3,2,8,1,5,4,4,3,3,3,2,1,2,1,4,2,1,2,1,1,1
93,3,3,2,6,2,5,4,4,1,4,4,1,2,3,2,2,1,1,2,2,1,2
94,1,3,4,2,1,4,4,4,3,4,2,2,2,2,1,2,1,2,2,2,1,2
95,1,3,5,1,3,3,3,3,3,4,4,2,2,3,1,2,1,2,2,2,1,1
96,4,3,2,5,2,5,2,4,3,2,1,2,2,2,1,2,1,1,2,1,1,2
97,1,3,4,1,2,1,1,4,3,4,1,2,2,2,1,2,1,1,2,2,1,2
98,1,3,2,8,2,3,4,4,3,4,2,2,2,2,1,2,1,1,2,2,1,2
99,1,3,3,3,3,5,2,3,3,4,3,2,1,3,2,1,2,2,2,2,1,2
100,4,3,4,2,1,1,4,4,3,4,2,2,2,3,1,4,1,1,2,2,2,2
101,1,3,4,8,2,3,2,4,3,4,1,1,2,3,1,2,1,1,2,2,1,2
102,4,2,3,8,1,3,1,3,3,2,2,1,2,2,1,2,1,1,2,1,1,2
103,1,2,2,6,1,3,2,4,3,3,1,2,2,3,1,2,1,2,2,2,1,2
104,4,3,4,3,2,5,3,2,3,4,1,2,2,3,1,2,1,2,2,2,2,2
105,1,3,2,7,3,3,1,2,1,3,1,2,2,2,2,1,2,2,2,2,1,1
106,4,3,1,2,3,3,4,2,3,4,4,2,1,2,2,1,2,2,2,2,1,1
107,1,3,4,2,3,3,2,2,3,2,1,2,2,2,1,2,1,1,2,2,1,2
108,2,3,4,6,3,5,3,1,3,2,3,2,2,2,1,2,1,2,1,1,1,2
109,1,3,4,1,1,2,4,1,3,2,2,2,2,2,1,2,1,2,2,2,2,2
110,1,2,3,1,1,1,4,1,3,2,1,2,1,2,2,2,2,1,2,2,1,2
111,3,3,4,5,1,3,3,4,3,4,3,1,2,3,1,2,1,2,2,1,1,2
112,1,3,4,2,3,3,2,3,3,3,2,2,2,3,1,4,1,1,2,2,1,2
113,4,3,2,2,3,3,1,4,3,2,2,1,3,2,2,2,1,2,2,1,1,1
114,2,3,4,8,1,2,4,3,3,1,2,2,2,2,1,2,1,1,2,2,2,2
115,4,3,2,8,2,5,4,4,3,1,2,2,2,2,1,2,1,2,2,2,1,2
116,2,3,4,8,3,5,2,4,3,3,1,2,2,2,1,1,1,2,2,1,1,1
117,2,2,2,6,2,5,3,2,1,3,2,2,2,3,2,2,1,1,1,1,1,2
118,2,3,2,6,2,2,1,1,3,4,1,1,2,2,2,2,1,1,2,1,1,1
119,1,3,2,2,2,2,2,3,3,3,1,2,2,2,1,1,1,2,2,2,1,2
120,2,3,4,8,1,3,1,3,3,2,2,1,2,2,2,2,1,2,2,1,1,1
121,4,3,2,3,2,3,4,4,3,2,1,2,2,3,2,1,1,2,2,1,1,2
122,4,3,4,6,1,3,1,3,3,2,2,1,2,3,1,4,1,1,2,2,1,2
123,3,2,2,2,1,3,4,4,3,4,4,2,2,1,2,2,1,2,2,2,1,2
124,1,3,4,6,1,5,3,4,3,3,2,2,2,3,1,2,1,1,2,1,1,1
125,2,3,2,2,2,3,1,4,3,2,3,2,2,2,2,2,1,1,2,2,1,2
126,2,3,4,8,1,3,1,4,3,2,2,2,2,2,1,4,1,1,2,2,2,2
127,1,3,4,9,1,3,1,4,3,2,1,2,2,2,1,2,1,1,2,2,1,1
128,1,3,2,3,1,3,5,4,3,2,1,2,2,2,2,1,1,2,2,2,1,2
129,2,3,2,2,2,3,1,3,1,2,2,2,2,2,2,2,1,1,2,1,1,1
130,1,3,4,2,3,5,2,1,3,2,1,1,2,2,1,2,1,1,2,1,1,2
131,2,3,3,5,3,3,1,4,3,3,3,2,3,2,1,2,1,2,2,2,1,1
132,4,3,4,6,2,3,3,2,3,3,3,2,1,2,2,4,1,1,2,2,1,2
133,4,3,4,6,1,3,1,4,3,4,4,2,1,1,2,2,1,1,2,2,1,2
134,4,3,4,8,3,1,2,2,3,4,2,1,2,2,1,2,1,2,2,1,1,2
135,4,3,2,8,1,5,4,4,3,2,2,2,2,2,2,2,1,2,2,1,1,2
136,4,3,3,3,3,4,1,2,3,2,1,2,2,2,2,2,1,1,2,2,1,2
137,1,3,4,8,1,2,1,4,3,3,2,2,2,2,1,4,1,1,2,2,1,1
138,1,3,2,8,2,5,2,4,2,2,2,2,1,2,3,2,1,2,2,2,1,2
139,3,3,4,8,1,3,1,2,3,2,1,2,2,3,1,4,1,2,2,1,1,2
140,3,2,4,2,1,4,3,2,3,2,2,2,2,2,1,3,1,1,1,2,2,2
141,1,3,4,8,2,3,3,4,3,1,4,2,2,2,1,1,1,2,2,1,1,2
142,2,3,4,8,2,3,1,3,3,2,1,2,2,2,1,1,1,1,2,2,1,2
143,2,3,4,6,2,3,1,2,3,2,1,1,2,2,1,2,1,1,2,2,1,1
144,4,3,2,6,2,3,3,4,3,4,3,1,2,2,1,2,1,2,2,1,1,2
145,1,3,1,1,2,1,2,4,3,2,1,2,2,2,1,2,1,1,2,2,1,2
146,2,2,2,2,1,3,4,1,3,4,4,2,2,2,2,2,1,2,2,1,1,2
147,4,3,2,2,1,1,2,4,3,3,1,2,2,2,2,2,1,2,2,1,1,2
148,2,3,2,6,3,3,1,3,2,2,3,2,2,2,2,2,1,1,2,2,1,2
149,4,3,2,8,1,4,4,4,3,4,1,2,2,2,2,2,1,1,2,2,1,2
150,4,2,4,8,1,1,4,2,3,4,4,2,1,1,1,2,2,2,2,2,1,2
151,4,2,4,8,1,3,1,1,3,4,3,2,2,2,1,2,1,2,1,2,1,2
152,3,3,4,8,3,3,1,4,3,1,1,1,2,2,1,2,1,1,2,2,1,2
153,1,3,2,3,3,4,4,2,3,4,4,2,2,3,1,2,1,1,2,1,1,2
154,1,3,3,1,3,1,2,4,3,4,1,2,2,3,1,1,1,2,2,2,1,2
155,2,3,4,6,1,3,1,2,3,4,1,1,2,3,1,2,1,1,2,1,1,1
156,2,2,2,9,1,1,4,3,2,4,2,2,2,2,2,2,2,1,1,2,1,2
157,2,3,1,10,1,3,4,4,3,1,1,2,1,2,1,4,1,1,2,2,2,2
158,1,3,4,2,2,1,2,2,3,3,1,2,1,2,2,2,1,2,2,2,1,2
159,4,2,2,8,1,5,1,1,3,2,2,2,2,2,2,4,2,1,2,2,1,2
160,4,3,2,8,2,1,4,3,3,4,2,2,2,2,1,2,2,2,2,2,1,2
161,4,3,2,2,1,3,3,4,3,1,3,2,2,2,2,2,1,1,2,1,1,2
162,4,3,4,4,1,2,2,4,3,3,3,2,2,2,2,2,1,2,2,2,1,2
163,1,2,4,2,3,3,5,2,3,4,4,2,1,1,1,1,1,2,2,2,1,2
164,4,3,4,2,1,2,4,4,3,4,3,2,2,2,1,2,1,1,2,2,1,2
165,4,2,4,6,2,2,1,1,3,2,1,2,2,2,1,2,1,2,2,2,1,2
166,2,3,4,6,1,3,5,4,3,2,1,2,2,2,1,2,1,1,2,1,1,1
167,1,2,4,6,1,4,3,4,3,1,2,1,2,2,1,2,1,1,2,1,1,2
168,4,3,4,6,2,3,2,2,3,4,3,1,2,3,1,2,1,2,2,1,1,2
169,1,3,2,1,1,3,4,4,3,4,2,2,2,2,2,2,1,2,2,2,1,1
170,2,3,5,2,1,3,4,4,3,3,1,2,2,3,2,2,2,1,2,2,1,1
171,4,3,4,6,1,3,1,4,3,1,2,2,2,2,1,2,1,2,2,1,1,2
172,1,3,3,6,2,3,5,3,3,2,3,2,2,2,1,1,1,2,2,1,1,1
173,1,2,4,8,1,3,1,4,2,2,2,2,2,2,1,2,1,1,1,2,1,2
174,2,3,3,5,2,3,3,2,3,1,3,2,2,2,2,2,1,1,2,2,1,1
175,4,3,1,3,3,5,5,4,3,1,2,2,1,2,1,1,1,2,2,1,1,1
176,2,3,4,6,2,3,1,2,3,1,1,2,2,2,1,2,1,1,2,2,1,2
177,2,2,2,8,1,2,4,4,3,4,1,2,2,2,2,2,1,1,2,2,1,2
178,4,3,4,8,1,3,2,4,3,2,1,2,2,3,2,1,2,2,2,2,1,2
179,2,3,2,2,1,3,4,4,3,4,2,2,2,2,2,2,1,1,2,2,1,2
180,4,3,3,1,3,3,3,1,3,1,1,2,2,2,2,2,1,1,2,2,1,1
181,1,3,3,1,2,3,1,2,3,2,2,2,3,2,2,1,1,2,2,2,1,1
182,2,3,1,2,1,5,1,4,3,2,3,2,2,2,2,4,2,1,2,2,1,1
183,4,3,2,6,2,4,1,4,3,4,2,2,2,2,1,2,1,2,2,2,1,2
184,1,3,2,2,1,3,4,4,3,4,1,2,1,2,1,2,2,2,2,2,1,1
185,4,3,2,8,1,3,1,4,3,2,3,2,2,2,2,2,1,1,2,2,1,2
186,1,2,1,3,3,3,4,2,3,4,4,2,1,1,1,1,2,2,2,1,1,1
187,1,3,2,2,1,3,5,2,3,3,1,2,2,1,3,3,1,2,2,2,1,2
188,2,3,4,8,1,1,2,4,3,1,3,1,2,2,1,2,1,1,2,2,2,1
189,1,3,5,6,2,3,1,1,3,4,1,2,1,2,2,2,1,2,2,1,1,2
190,4,3,4,1,2,4,1,2,3,3,3,2,2,2,3,1,1,2,2,2,1,1
191,1,3,5,1,2,1,2,4,3,4,4,2,2,1,1,4,2,1,2,2,1,1
192,1,3,4,1,2,3,1,4,3,2,1,2,2,2,1,2,2,2,2,2,1,1
193,4,2,4,8,2,3,2,2,3,2,2,2,2,3,1,2,1,1,2,2,2,2
194,1,3,4,8,2,1,1,4,2,4,3,1,2,3,1,2,1,1,2,2,1,1
195,1,2,2,5,1,3,4,2,3,3,1,2,2,2,2,1,1,2,2,1,1,1
196,4,2,2,8,1,3,1,1,3,1,1,2,2,2,2,2,1,2,2,1,1,2
197,1,3,4,6,1,1,3,4,3,4,1,2,1,3,4,2,1,1,2,1,1,1
198,1,3,4,3,2,5,4,4,3,4,4,2,1,1,1,2,1,2,2,2,1,2
199,1,3,3,6,2,3,4,4,3,3,4,2,2,2,1,1,1,2,2,2,1,1
200,4,2,2,5,1,2,4,4,3,2,1,2,2,2,2,2,1,2,2,2,1,2
201,2,3,4,2,1,3,1,4,3,3,2,2,2,2,1,4,1,1,2,2,2,2
202,4,3,3,1,3,3,2,3,3,4,1,2,2,2,2,2,1,1,2,2,1,2
203,2,3,4,10,1,3,2,4,3,4,3,1,2,3,1,2,1,1,2,2,2,1
204,4,3,2,2,1,3,4,4,3,1,2,2,2,2,2,4,2,1,2,2,1,2
205,2,3,2,3,3,3,4,3,3,4,4,2,2,1,3,1,2,2,2,2,1,2
206,4,3,2,6,1,3,4,4,3,4,2,2,2,2,3,2,1,2,2,2,1,2
207,1,3,2,4,1,3,2,4,3,3,3,2,2,2,1,2,1,1,2,2,1,2
208,2,3,4,1,3,3,1,2,3,2,1,1,3,2,1,4,1,1,2,2,2,2
209,4,3,4,3,1,4,2,3,3,2,3,2,2,2,1,2,1,1,1,2,1,2
210,4,2,2,8,2,5,1,1,3,2,2,2,2,2,2,2,2,1,2,2,1,2
211,4,3,4,8,2,5,4,2,3,4,2,2,2,2,1,4,1,2,2,1,1,2
212,2,3,5,1,3,3,5,2,3,4,3,2,3,2,2,2,1,2,2,2,1,1
213,3,3,3,1,1,3,4,4,3,4,2,2,2,2,1,1,1,2,2,2,1,1
214,4,3,2,8,2,5,4,4,3,2,1,2,2,2,1,2,1,2,2,2,1,2
215,1,2,2,10,1,5,2,1,3,3,3,2,2,2,2,4,1,1,2,1,1,2
216,2,3,5,1,2,3,2,3,3,1,3,2,1,2,1,2,1,2,2,2,1,2
217,3,3,4,8,2,3,1,2,3,2,2,1,2,2,1,2,1,2,2,2,1,2
218,2,3,4,6,2,3,1,2,3,2,2,1,2,3,1,4,1,1,2,2,1,2
219,4,2,4,2,1,3,1,2,3,4,1,2,2,2,1,2,1,2,2,1,1,2
220,1,3,4,8,1,3,3,4,2,1,2,2,1,2,1,4,1,1,2,2,2,2
221,2,3,4,5,1,5,1,4,3,4,3,1,1,3,1,2,1,2,2,1,1,2
222,4,3,4,8,1,3,1,4,3,2,2,2,1,2,2,2,1,1,2,2,1,2
223,4,3,3,1,2,5,1,4,3,4,2,2,2,2,2,2,2,2,2,2,1,2
224,4,3,4,3,2,3,1,3,3,2,1,2,2,2,1,2,1,2,2,2,1,2
225,4,3,5,9,2,3,1,4,3,2,1,2,2,2,2,2,1,1,2,2,1,2
226,1,3,4,8,3,4,2,1,1,2,4,2,1,2,2,2,1,2,2,2,1,1
227,2,3,4,6,3,3,4,4,3,4,4,2,2,1,1,1,1,2,2,2,1,1
228,4,2,4,8,1,3,2,4,3,2,1,1,2,2,1,2,1,1,2,2,1,1
229,2,3,4,6,2,3,3,4,3,1,4,1,1,1,1,2,1,1,2,2,1,2
230,3,3,4,8,2,3,1,4,3,2,1,2,2,2,1,2,1,1,2,2,1,1
231,4,2,4,2,2,2,4,2,3,4,4,2,2,1,1,4,1,1,2,2,1,2
232,4,3,4,8,2,1,2,3,3,1,4,2,2,2,1,2,1,1,2,2,1,2
233,1,3,4,8,1,3,1,4,2,2,2,1,2,2,1,4,1,1,2,2,2,2
234,4,1,2,8,1,3,2,2,3,1,2,2,2,2,3,4,2,1,2,2,1,2
235,2,3,4,8,1,3,5,4,3,2,1,2,3,2,1,1,2,1,2,2,1,1
236,1,2,4,2,3,5,5,1,3,2,3,1,2,2,1,3,1,2,2,2,1,1
237,1,3,4,1,2,1,4,4,3,2,1,2,1,3,2,4,1,1,2,2,1,1
238,4,3,2,8,1,3,1,4,3,2,3,2,2,2,2,2,1,1,2,1,1,2
239,2,3,4,8,2,3,4,1,2,3,3,2,2,2,1,2,2,1,2,2,1,2
240,2,3,4,2,1,5,4,4,3,2,1,2,1,2,1,2,1,1,2,1,1,1
241,4,2,4,8,1,3,2,3,3,2,3,2,2,2,1,2,2,1,2,2,1,2
242,2,3,5,3,2,3,4,3,3,4,4,1,2,1,2,2,2,1,2,2,1,1
243,4,3,2,1,1,3,1,3,3,2,2,2,2,2,2,2,1,1,2,1,1,2
244,4,3,1,10,2,2,1,4,3,3,2,2,2,2,1,4,2,1,2,1,1,2
245,4,3,4,1,1,3,2,4,3,1,2,1,2,2,1,2,1,2,2,2,1,2
246,4,3,2,8,1,3,4,4,3,4,2,2,2,2,3,2,1,1,2,2,1,2
247,4,2,5,2,1,1,1,4,3,1,4,2,1,3,1,2,1,1,1,2,1,2
248,3,3,4,6,1,3,1,2,3,2,2,2,2,2,1,2,1,1,2,2,1,2
249,4,3,4,8,1,3,5,3,1,4,2,1,2,3,1,2,1,1,2,1,1,1
250,2,2,2,2,1,4,2,3,3,4,2,2,2,2,2,4,1,2,2,1,1,2
251,3,3,4,6,2,3,1,1,3,2,1,2,2,2,1,4,1,1,2,1,1,2
252,1,3,4,2,2,3,1,4,2,2,4,1,1,2,1,2,1,1,2,1,1,1
253,4,3,3,6,2,1,1,2,3,3,3,2,2,2,2,2,1,1,2,2,1,2
254,1,2,4,6,2,5,2,2,3,1,1,1,2,2,1,2,1,2,2,2,1,2
255,1,3,3,8,3,5,1,1,3,1,2,2,2,2,1,4,1,1,2,2,1,2
256,4,3,2,8,2,3,1,4,3,2,2,2,2,2,2,4,1,1,2,2,1,2
257,2,3,1,8,2,3,1,4,3,1,4,2,2,1,1,2,1,1,2,2,1,1
258,4,3,4,3,2,1,3,1,3,4,1,1,2,2,1,2,1,2,2,1,1,2
259,4,2,2,8,1,1,5,4,3,4,2,2,2,2,3,4,1,1,2,1,1,2
260,2,3,4,6,1,3,1,2,3,2,2,2,2,2,1,2,1,1,2,2,1,2
261,2,3,4,8,1,3,4,4,3,4,1,2,2,2,1,2,1,1,2,1,1,2
262,2,3,2,2,3,3,4,2,3,4,4,2,2,1,3,1,1,2,2,2,1,2
263,4,3,2,5,2,3,4,2,3,4,4,2,1,1,3,4,1,1,2,1,1,2
264,4,2,2,2,1,3,4,3,3,4,2,2,2,2,2,4,2,1,1,2,1,2
265,1,3,4,8,1,3,4,4,3,3,1,2,2,2,1,2,2,1,2,2,1,1
266,4,3,2,1,3,5,4,4,3,4,2,2,2,2,2,2,1,1,2,2,1,2
267,4,3,4,8,1,3,3,4,3,3,1,2,3,2,1,2,1,2,2,1,1,2
268,2,3,4,2,3,3,4,1,3,4,3,2,2,2,1,1,1,2,1,2,1,1
269,4,3,4,8,1,5,4,4,3,2,1,1,2,2,2,2,1,1,2,2,1,2
270,4,3,4,2,2,5,2,4,3,3,3,2,2,2,1,2,1,1,1,2,1,2
271,4,3,2,6,1,2,2,3,3,4,1,2,2,3,1,2,1,2,2,1,1,2
272,1,3,1,2,3,5,5,4,1,4,4,2,2,1,1,1,1,2,2,2,1,2
273,1,3,4,8,2,3,2,4,3,4,2,2,2,2,2,2,1,1,2,2,1,1
274,2,3,4,9,3,3,3,1,3,1,4,2,2,2,1,4,1,2,2,2,1,1
275,4,2,4,8,2,3,1,1,3,2,2,2,2,2,1,2,2,1,2,2,1,2
276,4,3,2,8,2,3,1,2,3,2,1,2,2,2,2,2,1,1,2,1,1,2
277,2,3,4,6,1,5,4,2,3,4,3,2,2,2,1,4,1,2,2,2,1,2
278,4,2,4,6,2,3,3,1,3,4,3,2,2,2,1,2,1,1,2,1,1,1
279,4,3,4,8,1,1,1,4,3,4,1,2,2,3,1,1,1,2,2,2,1,2
280,4,3,2,3,2,4,4,3,3,4,4,1,2,3,2,2,1,2,2,2,1,2
281,4,3,4,6,1,3,1,4,3,2,2,2,2,2,1,2,1,1,2,2,1,2
282,3,3,1,8,1,5,2,4,3,4,1,2,1,2,1,4,1,1,2,2,1,2
283,4,3,2,6,1,5,4,4,3,4,3,2,2,2,1,2,1,1,2,2,1,2
284,1,3,2,2,2,1,3,4,3,2,1,2,2,2,1,2,1,2,2,2,1,2
285,2,3,4,2,3,3,3,1,3,1,2,2,2,2,1,4,1,2,2,1,1,2
286,2,3,4,3,2,3,2,4,3,3,3,2,2,2,1,2,2,1,2,2,1,2
287,1,3,3,7,3,1,5,2,3,4,4,2,2,1,1,1,1,2,2,2,1,2
288,1,3,4,8,1,3,1,4,2,4,2,2,2,2,2,2,1,2,2,1,1,2
289,2,3,3,8,1,3,3,4,3,4,2,2,3,2,1,2,1,1,2,2,2,1
290,4,3,4,1,1,3,1,2,3,2,2,2,2,2,1,2,1,2,1,2,2,2
291,1,3,4,3,3,3,3,1,3,4,1,2,2,3,1,1,1,2,2,2,2,1
292,2,3,2,3,3,3,4,2,3,4,4,2,2,1,2,1,2,2,2,1,1,2
293,3,3,2,3,2,3,4,4,3,4,4,2,2,1,1,2,1,1,2,2,1,2
294,4,3,2,1,3,5,4,4,3,2,1,2,1,2,2,1,2,1,2,2,1,2
295,1,3,4,6,3,3,3,1,3,2,1,2,2,2,1,2,1,2,2,1,1,1
296,4,3,4,3,2,5,3,1,3,4,1,1,2,3,1,2,1,1,2,1,1,2
297,4,2,4,2,1,5,4,4,1,2,3,2,2,2,1,4,1,1,1,2,1,2
298,4,3,4,6,2,3,1,3,3,4,2,2,2,2,1,2,1,2,2,2,1,2
299,1,3,2,6,2,4,2,3,3,2,1,2,2,2,2,2,1,2,2,2,1,2
300,4,2,4,2,1,3,5,1,3,4,2,2,2,2,1,3,1,2,2,1,1,2
301,1,3,5,8,2,3,1,4,3,1,1,2,2,2,1,2,1,2,2,1,1,1
302,3,3,2,2,1,5,2,4,3,2,2,2,1,2,2,4,2,1,2,2,1,1
303,2,2,2,2,1,3,2,4,1,3,3,2,2,2,2,2,1,2,2,2,1,2
304,4,3,2,2,3,2,1,2,3,2,4,2,1,1,1,2,1,1,2,2,1,1
305,4,2,4,6,1,4,1,4,3,2,2,2,2,2,1,2,1,1,2,2,1,2
306,4,3,4,3,2,5,2,2,3,4,3,1,3,3,1,4,1,1,2,1,1,2
307,2,3,4,8,1,1,3,4,3,3,4,2,2,2,1,4,1,2,2,2,2,1
308,1,2,4,6,1,3,1,3,3,4,2,1,2,2,1,2,1,1,2,1,1,1
309,1,2,4,2,1,3,1,4,3,4,2,1,2,3,1,4,1,1,2,2,2,2
310,1,3,4,7,3,5,5,3,3,4,4,2,1,1,1,3,1,2,2,2,1,2
311,4,3,4,6,3,1,1,4,3,1,1,1,3,2,1,2,1,1,2,2,1,2
312,3,3,4,6,2,3,3,2,3,4,1,2,2,2,1,2,1,1,2,1,1,2
313,1,3,4,2,1,3,2,2,3,3,1,1,1,2,1,4,1,1,2,2,2,1
314,3,1,4,2,1,5,3,1,3,2,2,2,2,2,1,4,2,1,1,2,1,2
315,2,3,1,6,2,3,4,4,3,4,1,2,1,2,1,2,1,1,2,2,1,1
316,2,3,4,6,1,3,1,2,2,3,3,2,2,2,1,4,2,1,2,2,1,2
317,1,3,4,6,2,5,1,1,3,4,3,2,2,2,1,4,1,2,2,1,1,2
318,4,3,2,5,1,3,1,4,3,2,1,2,2,2,2,2,1,1,2,2,1,2
319,2,3,3,6,2,3,4,1,3,4,3,2,2,2,2,4,1,1,2,1,1,2
320,1,3,2,2,2,3,5,4,3,2,1,2,2,2,2,1,1,1,2,2,2,1
321,2,3,4,8,1,3,3,4,3,3,3,2,2,2,1,2,1,1,2,2,1,1
322,2,3,4,3,2,3,2,2,3,1,4,2,2,1,1,1,1,2,2,2,1,2
323,2,3,4,6,2,4,1,4,3,2,1,2,2,2,1,2,1,1,2,2,1,2
324,4,3,2,2,1,3,1,4,3,3,2,2,2,2,2,2,1,1,2,1,1,2
325,2,2,2,2,2,3,2,1,3,4,2,2,2,2,2,4,1,1,1,2,1,2
326,4,3,2,6,3,5,4,2,3,4,3,2,2,3,1,2,1,2,2,2,1,2
327,4,3,4,2,1,4,2,4,3,3,1,2,2,2,1,2,2,2,2,1,1,2
328,3,3,4,8,2,3,4,4,3,2,1,2,2,2,1,2,1,1,2,2,1,2
329,1,2,4,8,1,3,4,4,3,4,1,2,2,2,1,2,2,1,2,2,1,2
330,2,3,2,3,3,3,5,2,3,4,4,2,2,1,2,1,1,2,2,2,1,2
331,4,3,2,5,1,1,1,4,3,2,2,2,2,2,2,2,1,1,2,1,1,1
332,1,3,4,2,3,1,3,4,3,2,3,1,2,2,1,1,1,1,2,1,1,1
333,4,3,2,3,3,1,1,2,3,4,1,1,1,3,2,4,1,1,2,1,1,1
334,2,3,5,6,2,3,4,3,3,4,4,1,1,3,2,2,2,1,2,2,1,1
335,2,2,2,6,2,3,1,1,3,4,2,2,2,3,1,1,1,2,2,2,1,1
336,1,3,4,8,2,3,3,2,2,4,3,1,2,2,1,4,1,1,2,1,1,2
337,2,3,4,4,1,5,1,4,3,2,1,1,2,3,1,2,1,1,2,1,1,1
338,2,3,4,6,2,3,1,4,3,4,3,2,2,2,1,2,1,1,2,2,1,2
339,1,2,4,6,1,3,1,4,3,2,1,2,2,2,1,4,1,1,2,2,1,2
340,1,3,2,5,3,3,3,2,3,4,4,1,2,1,2,2,1,2,2,1,1,2
341,2,3,4,6,2,3,2,1,3,4,1,2,2,3,1,4,1,1,2,1,1,2
342,1,3,4,8,2,2,3,1,3,3,2,1,2,3,1,2,1,1,2,2,2,2
343,1,3,4,1,2,3,4,1,1,1,2,2,1,2,1,1,1,2,2,2,1,2
344,3,2,4,2,2,3,3,1,2,1,3,2,2,2,1,4,2,1,2,2,1,2
345,4,3,2,8,1,3,1,4,3,2,1,2,2,2,1,4,1,1,2,1,1,2
346,1,3,2,8,1,3,3,4,2,4,2,1,2,2,2,2,1,1,2,2,1,2
347,1,3,4,8,2,2,5,1,3,4,4,1,2,3,1,3,1,1,2,1,1,2
348,4,2,3,1,1,1,1,1,3,2,2,2,2,2,2,4,1,1,2,2,1,2
349,1,2,2,5,1,4,4,4,3,3,4,2,2,1,2,2,2,1,2,2,1,1
350,4,2,4,4,1,3,3,1,3,4,2,1,2,3,1,2,1,2,2,1,1,2
351,1,2,4,6,1,3,1,1,3,2,1,2,2,2,1,2,1,1,1,1,1,1
352,4,3,2,3,2,5,5,2,3,4,4,2,2,2,1,1,1,2,2,2,1,2
353,2,3,5,8,3,3,1,4,3,2,3,2,2,3,2,2,1,2,2,2,1,1
354,4,2,4,5,1,2,4,4,3,4,4,2,2,1,1,2,1,2,2,2,1,2
355,1,3,4,2,1,3,3,4,3,2,2,1,3,2,1,4,1,1,2,2,1,1
356,4,3,2,8,2,5,4,1,1,4,2,2,2,2,1,2,1,2,2,2,1,2
357,4,3,3,8,2,3,1,4,3,2,1,2,2,2,2,1,1,2,2,2,1,1
358,4,3,4,8,1,3,1,4,3,2,2,2,2,2,1,2,1,1,2,2,2,2
359,2,3,4,6,2,3,2,4,3,4,2,1,2,3,1,2,1,1,2,1,1,1
360,1,3,4,5,1,5,1,4,3,4,4,2,2,1,1,2,1,1,2,2,1,2
361,3,3,4,8,2,5,4,2,3,3,1,2,2,2,1,1,1,1,2,2,1,2
362,3,3,3,2,2,3,1,2,3,2,1,2,3,2,2,2,1,2,2,1,1,2
363,4,2,4,6,1,3,1,1,3,2,3,1,2,3,1,2,1,1,2,2,2,2
364,2,3,4,6,2,3,5,4,3,1,1,1,2,2,1,3,1,1,2,2,1,1
365,4,3,4,1,1,3,2,2,3,4,1,2,2,2,1,2,1,2,2,2,1,2
366,4,3,2,3,2,3,2,3,3,1,1,2,2,2,2,2,1,1,2,2,1,2
367,2,3,4,6,2,3,3,1,3,4,1,1,2,3,1,2,1,1,2,1,1,2
368,2,3,4,6,2,3,4,4,3,2,1,2,2,2,1,2,2,1,2,2,1,1
369,1,3,4,6,2,3,2,2,3,4,2,2,2,3,1,2,1,1,2,1,1,2
370,4,3,4,2,2,5,1,4,3,4,2,2,2,2,1,2,1,1,2,2,1,2
371,4,3,2,8,3,3,4,3,3,4,1,2,2,2,2,2,1,2,2,2,1,2
372,4,2,2,6,2,3,3,1,3,3,2,1,2,3,2,2,1,1,2,1,1,2
373,4,3,2,2,3,5,4,2,3,4,4,2,1,1,1,1,1,2,2,2,1,2
374,1,3,1,7,3,1,4,3,3,4,4,2,1,1,2,1,1,2,2,1,1,1
375,2,3,1,1,3,3,2,2,2,4,1,2,2,3,1,2,1,1,2,1,1,1
376,4,3,3,8,2,3,5,2,3,3,2,2,2,2,2,2,1,1,2,2,2,2
377,4,2,3,8,1,5,4,3,3,4,4,2,2,1,1,2,1,1,2,2,1,2
378,1,3,4,2,3,3,4,4,3,2,4,2,2,1,1,1,1,2,2,2,1,1
379,4,2,2,2,1,1,1,4,3,4,1,2,2,2,2,4,1,1,2,1,1,2
380,2,3,4,6,2,5,2,4,3,4,1,2,2,2,1,2,1,2,2,2,1,2
381,1,3,4,3,3,3,5,3,3,4,4,2,2,1,1,1,1,2,2,1,1,1
382,4,3,4,2,1,5,2,4,3,4,3,1,2,3,1,2,1,1,2,1,1,2
383,3,3,4,2,1,3,3,4,3,1,2,2,2,2,1,2,1,1,2,2,1,2
384,4,3,3,1,2,1,1,2,3,2,3,2,2,2,2,4,1,1,2,2,1,2
385,4,3,2,8,2,3,1,2,3,1,1,1,2,2,2,2,1,1,2,1,1,2
386,4,3,4,8,1,5,3,4,3,2,2,1,2,3,1,2,1,2,2,1,1,2
387,1,3,2,6,3,3,5,4,3,4,3,2,3,2,2,1,1,2,2,2,1,2
388,1,3,2,1,2,2,1,2,3,4,1,2,1,2,1,2,1,1,2,2,1,2
389,4,2,4,1,1,3,2,3,3,2,1,2,2,2,2,2,1,1,2,1,1,2
390,4,3,4,2,1,3,1,2,3,2,3,2,2,2,1,1,1,2,2,2,2,2
391,1,3,4,6,1,4,3,1,3,4,2,1,2,3,1,4,1,1,2,1,1,2
392,2,3,4,2,2,3,2,2,3,4,4,2,1,1,1,1,2,2,2,2,1,2
393,2,2,2,8,1,3,2,1,3,4,1,2,2,2,1,2,1,1,2,1,1,2
394,4,2,2,6,2,3,5,2,3,3,1,2,2,2,1,1,1,1,2,2,1,2
395,1,3,3,5,3,1,2,2,3,3,4,2,2,3,1,2,1,2,2,2,1,2
396,2,3,4,6,2,3,5,3,3,4,4,2,2,1,1,1,1,1,2,1,1,2
397,2,3,2,6,2,3,1,3,3,2,3,2,2,2,2,2,1,2,2,2,2,2
398,1,3,4,2,1,3,4,1,3,1,2,2,2,3,2,2,1,1,2,2,1,1
399,4,3,2,8,1,4,1,4,3,1,2,2,2,2,2,4,1,1,2,1,1,2
400,4,3,4,8,1,3,3,3,3,4,2,2,2,2,1,2,1,2,2,2,2,2
401,1,3,2,1,1,5,1,4,3,4,2,2,1,2,2,2,1,1,2,2,2,2
402,4,3,3,1,3,3,3,2,3,2,1,2,1,2,2,2,1,2,2,2,1,1
403,4,3,3,2,1,3,1,4,3,2,1,2,2,2,2,4,1,1,2,2,1,2
404,1,3,3,2,2,5,4,4,3,4,1,2,2,2,1,2,2,1,2,2,1,2
405,1,3,4,8,2,3,3,1,3,1,3,1,2,2,1,2,1,2,2,2,2,1
406,4,3,2,3,2,5,2,4,3,4,1,2,2,2,2,2,2,2,2,2,1,2
407,2,3,4,8,1,3,3,4,3,2,2,2,2,2,1,2,1,1,1,2,2,2
408,4,3,4,8,2,2,4,3,3,2,1,2,2,2,1,1,1,2,2,2,1,2
409,3,3,2,2,1,2,2,4,3,2,2,2,2,2,3,2,1,2,2,2,2,1
410,1,3,4,8,1,3,4,4,3,4,1,1,2,2,1,2,1,2,2,1,1,2
411,4,3,2,3,3,3,2,3,3,2,1,2,2,2,2,1,1,2,2,2,1,2
412,4,3,2,1,2,3,5,4,3,2,1,2,3,2,2,1,1,2,2,2,1,1
413,4,2,4,2,1,2,1,3,3,2,4,2,2,3,1,4,2,1,1,2,1,2
414,2,3,4,2,1,5,1,4,3,2,3,2,2,2,1,2,1,1,2,1,1,1
415,4,3,2,3,3,3,4,2,3,2,3,2,2,2,2,2,2,2,2,2,1,2
416,2,3,4,2,2,3,3,4,3,1,2,2,2,2,1,4,2,1,2,2,1,1
417,2,3,3,5,3,5,1,1,3,2,1,1,2,3,2,2,1,2,2,1,1,2
418,4,3,4,2,2,2,2,1,3,2,1,2,1,2,1,1,1,1,2,1,1,2
419,1,3,4,2,1,5,1,4,3,2,3,2,2,2,1,2,1,1,2,1,1,1
420,4,3,4,2,2,4,2,2,3,3,1,1,2,3,1,2,1,1,2,1,1,2
421,1,3,4,3,2,5,1,4,3,2,1,2,2,2,1,2,1,1,2,2,1,2
422,1,3,2,2,1,3,2,2,3,3,2,2,2,2,2,4,2,1,2,2,1,2
423,4,3,3,6,1,1,2,4,3,3,2,2,2,2,2,1,1,1,2,2,1,2
424,1,3,4,6,2,5,4,1,3,2,3,1,1,2,1,2,1,2,2,1,1,1
425,1,3,4,3,2,3,1,1,3,3,1,1,2,3,1,2,1,2,2,2,2,2
426,4,3,2,8,2,3,4,4,3,2,1,2,2,2,2,2,1,1,2,2,1,2
427,4,3,2,8,1,4,1,4,3,3,2,2,2,2,2,2,1,1,2,2,1,2
428,4,2,4,6,1,3,4,1,3,4,1,1,2,2,1,2,1,1,2,2,1,2
429,2,3,2,9,1,3,5,2,3,4,4,2,2,1,3,3,2,1,2,1,1,1
430,4,1,4,1,2,3,2,1,3,4,2,2,2,2,1,4,1,1,2,2,1,2
431,1,3,4,7,3,3,1,2,1,3,1,2,1,2,2,1,1,2,2,2,1,1
432,2,2,2,6,1,3,5,4,3,4,4,2,2,1,3,1,1,2,2,2,1,2
433,4,3,2,9,2,3,1,4,3,2,2,2,2,2,2,2,1,2,2,2,1,2
434,2,2,4,6,2,3,1,3,3,2,2,1,2,2,1,2,1,1,2,2,1,2
435,1,3,4,8,1,5,1,2,3,1,2,1,2,2,1,2,1,2,2,2,2,1
436,4,2,4,9,1,2,2,2,3,4,2,1,2,3,1,4,1,1,2,2,2,2
437,4,3,2,2,1,4,4,4,3,4,2,2,2,2,2,2,1,2,2,1,1,2
438,2,3,2,9,2,3,5,4,1,4,1,2,2,2,2,3,1,1,2,2,1,2
439,3,3,1,1,1,3,3,4,3,1,2,2,2,2,1,3,1,1,2,1,1,1
440,4,3,4,2,1,3,4,4,3,4,1,2,2,2,1,1,1,2,2,2,1,2
441,2,3,4,6,1,3,1,2,1,3,3,2,2,2,1,2,1,1,2,1,1,2
442,1,3,3,7,2,3,1,2,3,3,1,2,1,2,2,2,1,2,2,2,1,2
443,4,3,4,5,1,3,4,4,3,4,1,2,1,2,1,4,2,1,2,2,1,1
444,1,3,2,6,3,3,1,2,3,3,1,2,2,2,1,1,1,2,2,1,1,1
445,4,2,2,5,1,5,4,4,3,4,3,2,2,3,2,4,1,1,2,1,1,2
446,2,3,4,2,1,3,3,4,3,4,1,2,2,2,1,2,1,2,2,1,1,1
447,1,2,4,8,2,3,1,2,2,2,2,2,2,2,1,2,1,1,2,2,1,2
448,3,3,4,6,1,5,4,3,3,4,2,2,2,2,1,1,1,2,2,1,1,2
449,1,3,3,9,1,4,1,3,3,3,3,2,3,2,2,2,1,1,2,2,2,1
450,4,3,2,3,3,5,1,4,3,2,1,2,2,2,1,1,1,2,2,2,1,2
451,4,2,4,8,1,3,1,3,3,1,2,2,2,2,1,2,1,1,2,1,1,2
452,4,3,5,6,2,3,4,2,3,4,3,2,2,2,2,2,1,1,2,2,1,2
453,4,3,4,3,2,3,4,4,3,4,1,2,2,2,1,1,1,2,2,2,1,2
454,2,3,4,2,2,3,2,2,1,3,3,2,2,2,1,2,1,2,2,2,1,1
455,4,3,4,3,2,3,3,4,3,1,4,2,2,2,1,1,1,2,2,1,1,2
456,2,2,2,2,2,3,1,2,3,2,2,2,2,3,2,2,2,1,2,2,1,2
457,2,3,4,3,2,3,4,3,3,4,4,2,2,1,1,2,1,2,2,2,1,1
458,2,2,4,4,1,3,3,4,3,1,2,2,2,2,1,2,1,1,2,1,1,2
459,4,3,4,8,2,3,3,3,3,2,1,2,2,2,1,2,1,2,2,2,1,2
460,2,3,4,6,2,3,1,1,2,2,3,2,2,2,1,2,2,1,2,2,1,2
461,2,3,4,2,1,3,3,2,3,3,2,2,2,2,1,2,1,1,2,2,1,2
462,1,3,4,6,2,3,3,3,3,1,2,2,2,3,1,1,1,1,2,1,1,2
463,1,3,4,10,1,5,4,4,3,4,3,2,2,2,2,2,1,1,2,2,1,2
464,4,3,4,1,1,3,2,4,3,1,1,2,3,2,2,2,1,2,2,2,1,2
465,2,3,4,3,2,3,1,3,2,4,4,2,1,2,1,2,2,2,2,2,1,2
466,2,3,3,8,1,3,3,4,3,2,1,2,2,3,1,4,1,2,2,1,1,1
467,4,3,3,8,3,5,4,3,3,3,1,2,1,2,2,2,2,1,2,2,1,2
468,4,3,3,1,2,3,1,2,3,2,1,2,2,2,2,2,1,2,2,1,1,2
469,4,3,3,3,2,3,2,3,3,3,1,2,2,2,2,4,1,2,2,2,1,2
470,1,3,4,8,2,1,3,3,3,2,1,1,2,3,1,2,1,2,2,2,2,1
471,2,2,4,5,1,3,3,4,3,4,3,1,2,2,1,2,1,1,2,1,1,1
472,2,2,4,2,1,3,1,4,3,3,1,2,2,2,1,4,1,1,2,2,1,1
473,4,2,4,10,1,5,5,4,3,4,3,2,2,2,1,1,2,2,2,2,1,2
474,1,3,2,8,1,3,1,4,3,2,1,2,2,2,1,2,1,1,2,2,2,1
475,2,3,5,6,2,3,3,1,3,4,3,2,2,3,1,2,1,1,2,1,1,1
476,4,3,4,3,2,2,1,4,3,4,1,1,2,2,1,2,1,1,2,2,1,2
477,3,3,4,8,3,3,2,4,3,2,1,1,1,2,1,2,1,1,2,2,1,2
478,1,3,4,1,1,1,2,3,3,4,2,2,2,2,1,4,1,1,2,2,1,2
479,2,3,2,6,1,3,4,4,3,4,1,2,2,2,2,2,2,2,2,2,1,2
480,1,3,2,8,2,3,1,1,3,1,2,1,2,2,1,4,1,1,2,1,1,2
481,1,3,4,2,1,3,3,4,3,1,3,2,2,2,1,2,1,1,2,2,1,2
482,2,3,4,6,2,4,4,4,3,4,3,2,2,3,2,2,1,2,2,1,1,2
483,4,3,3,6,1,4,2,3,3,2,3,2,2,2,2,2,1,1,2,1,1,2
484,4,3,2,2,1,2,1,4,3,4,2,2,2,2,1,2,1,2,2,2,1,2
485,1,2,3,2,1,3,5,4,3,4,3,2,2,2,1,1,1,2,2,2,1,1
486,4,3,4,8,2,3,1,2,3,4,1,2,2,2,1,2,1,2,2,2,1,2
487,4,3,4,2,2,3,4,4,1,4,4,2,2,1,1,2,1,2,2,1,1,2
488,4,2,4,2,1,1,1,3,3,2,2,2,2,3,1,4,1,1,1,2,1,2
489,4,2,4,2,2,3,1,2,2,3,3,2,2,3,1,2,1,1,2,2,1,2
490,4,3,2,8,1,3,4,2,3,2,4,2,2,2,2,2,1,1,2,2,1,2
491,1,3,5,1,3,3,4,2,3,4,4,2,2,1,2,1,1,2,2,1,1,1
492,4,2,2,8,1,1,1,1,3,1,3,2,2,2,2,2,1,1,2,1,1,2
493,1,2,4,8,1,5,4,4,3,4,3,2,2,2,1,2,1,1,2,2,1,2
494,2,3,2,2,2,3,1,3,3,2,2,2,2,3,2,4,2,1,1,2,1,2
495,2,3,4,6,2,5,1,2,3,4,1,1,2,2,1,2,1,1,2,2,2,1
496,1,3,4,6,3,1,3,4,1,1,4,2,2,3,1,1,1,2,2,2,1,1
497,4,3,2,6,1,3,2,4,3,3,3,2,2,2,2,2,1,1,2,2,1,2
498,1,3,4,8,1,3,4,4,2,2,2,2,2,2,1,4,1,1,2,2,2,2
499,3,2,2,2,1,1,4,2,3,4,1,2,2,2,2,2,2,2,2,2,1,2
500,2,3,4,2,2,3,3,4,3,1,3,2,2,2,1,2,1,1,2,1,1,1
501,2,3,4,3,3,3,4,2,3,4,4,2,2,1,1,2,2,1,2,2,1,2
502,3,2,4,8,1,1,4,2,3,4,2,2,2,2,1,2,1,1,2,2,1,2
503,1,3,2,8,1,1,3,4,3,4,4,2,1,2,2,2,2,1,2,2,1,1
504,2,3,4,2,1,3,3,4,3,4,3,1,2,3,1,2,1,1,2,1,1,1
505,4,2,4,2,1,5,1,4,2,4,3,2,2,2,1,4,1,1,2,2,1,1
506,3,3,2,3,2,2,1,2,3,2,1,2,2,2,1,2,1,2,2,2,1,2
507,1,3,1,2,3,1,5,1,3,2,3,2,2,2,1,1,2,2,2,2,1,1
508,4,3,4,8,1,3,1,4,3,2,3,2,2,2,1,2,1,1,2,2,2,2
509,4,3,4,3,3,1,4,4,3,2,1,2,2,2,1,1,1,2,2,2,1,2
510,2,3,4,2,1,3,2,4,3,2,2,2,2,2,1,2,1,1,2,2,1,1
511,4,3,4,3,2,3,1,2,3,2,4,2,2,1,1,1,1,2,2,2,1,2
512,3,3,4,1,2,3,2,2,3,4,3,2,2,3,1,2,1,2,2,2,1,2
513,1,3,3,8,1,3,1,4,1,4,2,1,2,3,2,2,1,1,2,2,2,2
514,4,3,4,2,2,5,3,4,3,1,3,2,2,2,1,2,1,1,2,2,1,2
515,2,2,2,2,1,3,2,4,3,3,3,2,2,2,2,2,1,1,1,1,1,2
516,2,2,2,2,1,3,3,2,3,4,2,2,2,2,1,4,2,1,1,2,1,2
517,4,3,2,6,3,3,3,2,3,4,3,1,2,3,2,2,1,2,2,1,1,1
518,2,2,4,2,1,1,4,3,3,2,3,2,2,2,1,2,1,2,2,2,1,2
519,4,2,2,8,1,5,4,4,3,4,4,2,2,1,2,2,1,1,2,2,1,2
520,4,3,2,9,3,3,4,3,3,4,4,2,2,1,2,2,1,1,2,2,1,2
521,2,3,4,8,2,3,1,2,3,2,2,1,2,2,1,2,1,1,2,1,1,1
522,2,3,5,6,3,3,1,3,3,4,4,2,2,1,2,2,2,1,2,2,1,1
523,4,3,4,3,2,1,2,3,3,4,1,1,2,2,1,2,1,1,2,1,1,2
524,1,3,4,8,1,3,1,4,2,4,2,2,2,2,1,4,2,1,2,1,1,2
525,1,3,4,3,3,3,3,2,3,3,1,2,2,2,2,2,1,1,2,2,1,2
526,4,3,2,5,1,1,1,4,3,3,1,2,2,2,1,2,1,1,2,1,1,2
527,4,1,2,8,1,3,2,2,3,1,2,2,2,2,2,4,2,1,2,2,1,2
528,2,3,4,8,2,3,1,4,3,4,1,2,2,3,1,2,1,1,2,2,1,1
529,2,2,4,2,1,3,3,3,3,4,2,2,2,2,1,4,2,2,2,2,1,2
530,1,3,4,5,2,3,2,3,3,1,1,2,2,2,2,2,2,1,2,2,1,2
531,1,3,4,2,2,1,1,2,3,4,1,2,2,3,2,2,1,2,2,1,1,1
532,4,3,3,3,1,3,1,4,3,4,2,2,2,3,1,2,1,1,2,2,2,2
533,4,3,4,8,1,1,2,4,3,3,3,2,2,2,1,2,1,2,2,2,2,2
534,4,3,4,8,2,5,3,4,3,2,1,1,2,2,2,2,1,1,2,2,1,2
535,3,3,2,5,2,3,3,2,3,1,1,2,2,3,1,2,1,1,2,2,1,1
536,2,2,4,2,1,5,5,4,3,3,3,2,2,2,1,1,1,2,2,1,1,2
537,1,3,2,6,2,3,4,3,3,4,3,2,2,2,1,2,1,2,2,1,1,2
538,2,3,4,2,3,3,4,4,3,4,4,2,1,1,1,1,1,1,2,2,1,1
539,3,3,4,6,2,3,3,1,3,1,3,2,3,2,1,4,1,1,2,1,1,2
540,1,3,4,8,1,3,3,1,3,1,2,1,2,3,1,2,1,1,2,2,2,1
541,4,3,3,2,2,3,4,4,3,4,4,2,2,1,2,2,1,2,2,2,1,2
542,2,3,4,6,3,5,4,4,3,4,3,2,2,2,1,2,1,1,2,2,1,1
543,3,3,4,6,2,3,1,2,3,1,2,2,2,2,1,4,2,1,2,2,1,1
544,4,3,2,2,1,3,4,4,3,4,2,2,2,2,2,4,1,1,2,2,1,2
545,2,3,3,2,1,3,5,4,3,2,2,2,2,1,2,2,2,1,2,2,1,1
546,4,3,2,2,2,3,1,4,3,4,1,2,2,2,1,2,1,2,2,1,1,2
547,4,3,4,8,1,3,2,3,3,1,1,2,1,2,1,2,2,1,2,2,1,2
548,2,3,1,8,1,3,1,4,3,4,2,1,1,2,1,4,1,1,2,1,1,1
549,4,3,2,3,3,5,2,2,3,1,4,2,2,1,2,2,1,2,2,2,1,2
550,4,3,2,9,1,5,2,4,3,4,2,1,2,2,2,2,1,1,2,1,1,2
551,4,2,1,8,1,2,4,2,3,4,3,2,1,2,1,4,2,1,2,2,1,2
552,2,3,4,8,3,3,2,1,2,1,2,2,2,2,2,2,1,2,2,2,2,1
553,1,3,2,2,1,1,3,4,3,1,1,2,2,2,1,2,1,1,2,2,1,2
554,1,2,4,5,1,3,2,4,3,4,3,2,2,2,2,1,1,2,2,1,1,2
555,1,3,4,8,1,3,3,2,3,1,1,1,3,2,1,2,1,1,2,2,1,1
556,1,3,5,2,2,1,3,3,3,3,1,2,2,2,2,2,1,1,2,1,1,1
557,4,3,5,2,3,5,1,1,3,4,3,2,1,2,2,2,1,2,2,1,1,1
558,2,3,1,6,2,3,2,3,3,4,1,2,1,2,1,2,1,1,2,2,1,1
559,1,3,2,6,1,3,3,2,3,2,2,2,2,2,2,4,1,1,2,2,1,1
560,2,3,4,3,2,5,4,4,3,4,4,2,1,1,1,2,2,2,2,2,1,2
561,2,3,1,8,1,3,2,4,2,4,1,1,1,3,1,4,1,1,2,2,1,1
562,3,2,3,8,1,3,3,2,3,1,3,2,1,2,1,2,1,1,2,1,1,2
563,1,3,4,2,3,5,1,1,3,4,4,2,2,1,1,2,1,2,2,2,1,1
564,1,3,3,1,2,5,1,4,3,2,3,2,1,2,2,1,1,2,2,2,1,2
565,1,3,3,8,1,1,2,3,3,2,3,1,2,3,2,2,1,2,2,1,1,2
566,2,3,4,2,1,3,2,2,3,3,1,2,2,2,1,2,1,1,2,2,1,1
567,4,3,2,8,2,4,4,2,3,2,1,2,2,2,1,2,1,1,2,2,1,2
568,1,3,4,8,2,5,2,4,3,1,1,2,2,2,2,2,2,2,2,2,1,2
569,2,3,4,8,3,3,1,3,3,2,1,2,2,2,1,2,1,2,2,1,1,1
570,2,3,4,6,2,3,3,4,3,4,2,1,2,3,1,4,1,2,2,1,1,1
571,4,3,2,8,3,3,2,3,1,2,1,2,2,2,1,2,1,1,2,2,1,2
572,4,3,4,3,3,5,5,2,3,4,3,2,2,3,1,1,1,2,2,1,1,2
573,2,3,4,1,1,3,1,4,3,4,3,1,2,2,1,4,1,1,2,1,1,2
574,1,2,4,8,1,3,4,4,3,4,1,2,2,2,2,4,1,1,2,2,1,2
575,4,3,2,6,2,3,2,2,1,3,1,1,1,2,2,2,1,1,2,1,1,2
576,1,3,4,8,2,3,2,2,3,1,2,2,2,2,1,2,1,1,2,1,1,2
577,4,3,2,5,1,5,1,3,3,2,1,2,2,2,2,2,1,2,2,1,1,2
578,1,3,2,2,2,3,3,4,3,4,1,2,2,2,2,2,1,1,2,2,1,1
579,4,3,4,10,1,3,3,4,3,3,1,2,2,2,2,4,1,1,2,2,2,2
580,1,3,2,2,1,3,4,3,2,3,2,2,1,2,2,2,1,1,2,2,1,1
581,1,3,2,2,2,3,3,1,3,3,2,2,1,2,2,4,2,1,2,2,1,2
582,4,2,4,6,1,3,1,4,3,2,2,2,2,3,1,2,1,1,2,1,1,2
583,1,3,4,9,2,3,3,4,3,1,4,2,2,3,1,4,1,1,2,2,1,1
584,4,3,4,2,2,5,4,4,3,4,4,2,2,1,1,1,1,2,2,1,1,2
585,2,3,4,6,2,3,1,1,3,4,2,1,1,3,1,2,1,1,2,1,1,1
586,2,2,2,2,2,3,1,2,3,2,2,2,2,3,2,2,2,1,2,2,1,2
587,2,3,4,6,1,3,1,4,2,1,3,1,2,2,1,4,1,1,2,2,1,2
588,2,3,4,4,1,3,1,4,3,3,2,2,2,2,1,4,1,2,2,2,2,1
589,2,3,2,6,2,3,4,3,3,3,3,2,2,2,2,2,1,1,2,2,1,1
590,2,3,2,8,1,3,2,4,3,3,2,2,2,2,4,4,1,2,2,1,1,2
591,1,3,3,2,1,5,1,4,3,4,1,2,2,3,2,2,1,2,2,1,1,2
592,4,3,4,1,1,4,4,4,3,4,2,2,1,2,1,4,1,1,2,1,1,2
593,1,3,4,2,2,3,1,3,3,4,3,1,2,3,1,4,1,2,2,1,1,1
594,2,3,1,7,1,5,4,4,3,3,1,2,3,2,1,1,1,2,2,2,1,1
595,1,2,1,2,1,1,3,1,3,1,3,2,3,2,1,4,1,1,2,1,1,1
596,2,3,4,2,1,3,2,4,3,4,1,1,2,3,2,2,1,1,2,1,1,1
597,1,3,5,1,2,3,1,1,3,4,2,2,2,2,3,4,1,2,2,2,1,1
598,4,3,2,2,2,3,2,2,3,2,3,2,1,2,2,2,1,1,2,2,1,1
599,4,3,3,1,2,3,1,1,3,2,4,2,2,1,1,2,1,1,2,2,1,2
600,1,2,4,8,2,3,3,1,2,1,2,2,2,2,1,2,1,1,2,1,1,2
601,1,2,4,6,1,3,1,4,3,1,3,2,2,2,1,2,1,1,2,1,1,1
602,1,3,1,5,1,3,2,4,3,4,4,2,1,1,1,4,1,1,2,1,1,1
603,4,3,4,6,2,3,1,4,3,2,1,2,2,2,1,1,1,2,2,1,1,1
604,3,2,4,6,1,3,3,4,3,2,3,1,2,2,1,2,1,1,2,1,1,2
605,2,3,1,6,2,2,1,4,3,4,2,1,3,2,1,2,1,2,2,2,1,2
606,4,3,2,1,2,3,1,3,3,2,2,2,2,2,1,1,1,2,2,2,1,2
607,1,3,4,8,2,1,1,4,1,4,4,2,2,1,1,2,1,1,2,1,1,1
608,4,3,4,8,2,3,3,4,3,1,2,2,2,2,1,2,1,1,2,2,1,2
609,4,3,4,3,1,5,4,4,3,4,4,2,1,1,1,2,2,1,2,2,1,2
610,2,3,4,4,1,1,5,4,3,3,3,1,2,2,1,2,1,1,2,1,1,1
611,3,2,4,2,1,1,4,1,3,4,4,2,2,1,1,4,2,1,2,1,1,1
612,2,3,4,8,2,4,3,4,3,2,1,2,1,2,1,2,1,1,2,1,1,2
613,2,3,1,3,2,3,1,1,2,4,1,1,1,3,1,2,1,1,1,1,1,2
614,4,3,3,6,1,3,2,4,3,1,2,1,2,2,1,2,1,1,2,1,1,1
615,1,3,5,1,3,5,1,2,3,2,1,2,1,2,1,1,1,2,2,2,1,2
616,1,3,3,8,3,5,1,2,3,2,4,2,2,1,1,1,1,1,2,2,1,2
617,2,2,2,2,2,3,1,1,3,3,2,2,2,3,3,2,2,1,2,2,1,2
618,1,3,4,6,2,1,1,2,1,4,1,1,2,3,1,2,1,1,2,1,1,1
619,4,3,4,2,1,3,1,4,3,2,2,2,2,2,1,4,1,1,2,2,1,2
620,1,3,2,1,2,3,2,2,3,3,3,2,2,2,2,2,1,1,2,2,1,2
621,4,3,2,2,1,3,1,3,3,2,3,2,1,2,2,2,1,1,2,2,1,1
622,4,3,4,1,2,5,1,4,3,2,2,2,1,2,1,2,1,1,2,2,1,1
623,2,3,4,6,1,3,3,4,3,1,1,1,2,3,1,2,1,1,2,1,1,2
624,2,3,4,8,2,3,1,4,3,4,4,2,2,1,2,2,1,1,2,2,1,1
625,4,3,4,8,1,5,4,4,3,2,1,2,2,2,1,2,1,1,2,2,1,2
626,3,2,4,6,2,3,1,2,3,2,2,2,2,2,1,2,1,2,2,2,1,2
627,1,2,1,2,1,1,2,2,3,3,4,2,2,2,1,2,1,1,2,2,1,1
628,4,3,2,6,2,2,1,4,3,4,2,2,2,2,2,2,1,2,2,2,1,2
629,4,2,4,5,2,5,4,1,3,4,2,2,2,2,1,4,1,1,2,2,1,2
630,2,3,4,8,2,3,1,2,3,4,1,2,2,2,1,2,1,1,2,1,1,2
631,2,3,1,6,1,3,1,4,3,3,1,2,1,2,1,2,1,1,2,2,1,1
632,1,3,4,8,1,5,3,4,3,1,3,1,2,2,1,2,1,1,2,2,1,2
633,4,2,4,6,1,3,3,2,1,2,1,1,2,3,2,2,1,1,2,1,1,1
634,1,3,4,2,1,3,3,3,3,4,1,1,2,2,1,4,1,2,2,1,1,1
635,4,3,4,5,1,3,4,4,3,4,3,2,1,2,3,2,2,2,2,2,1,2
636,4,3,4,8,1,2,2,4,3,1,1,2,2,2,1,2,1,1,2,1,1,2
637,4,3,3,8,3,3,2,2,3,4,1,1,2,2,2,2,1,2,2,2,1,2
638,4,3,4,8,1,3,3,4,3,3,1,2,2,2,1,2,2,1,2,1,1,2
639,2,3,3,8,2,3,2,3,3,2,3,2,1,2,2,2,2,2,2,2,1,1
640,2,3,4,5,1,3,5,4,3,1,2,2,2,2,1,3,1,1,2,1,1,1
641,1,3,4,9,1,3,4,4,3,4,1,2,2,2,2,4,1,1,2,2,1,2
642,4,3,4,5,2,1,1,3,3,2,3,2,2,2,1,1,1,2,2,2,1,1
643,4,3,2,8,1,3,2,4,2,2,1,2,2,2,2,2,1,2,2,2,2,2
644,2,3,2,8,1,3,2,4,3,1,3,2,2,2,2,1,1,2,2,2,2,2
645,4,3,3,1,3,5,3,4,3,4,1,2,2,3,2,2,1,2,2,2,1,1
646,2,3,5,6,2,3,1,2,2,2,2,2,2,2,2,2,1,1,2,2,1,2
647,4,3,4,2,1,2,1,2,3,2,3,2,2,2,1,2,1,1,2,1,1,1
648,3,3,4,2,1,3,2,4,3,3,4,2,1,1,1,2,2,1,2,2,1,1
649,2,3,4,5,1,3,1,4,3,4,1,2,2,3,1,4,2,1,2,2,1,1
650,2,3,4,5,3,3,2,4,3,1,4,2,2,1,1,1,1,2,2,2,1,2
651,1,3,4,6,1,3,1,4,3,2,3,2,2,2,1,4,1,1,2,2,1,1
652,2,3,4,2,2,3,4,4,1,1,2,2,2,2,1,2,1,1,2,2,1,1
653,1,3,3,2,3,1,4,2,3,4,1,2,2,2,4,1,1,2,2,2,1,1
654,4,3,2,3,2,3,2,4,3,3,1,2,2,2,2,2,1,2,2,2,1,2
655,2,3,4,2,2,3,5,1,3,4,4,1,2,1,1,2,1,1,2,2,1,2
656,1,3,4,2,1,3,4,4,3,4,1,2,1,2,1,4,2,1,2,2,1,1
657,4,3,4,8,3,5,2,4,3,3,1,2,3,2,1,2,1,2,2,2,1,2
658,1,3,5,1,2,3,1,2,3,1,1,2,2,2,2,2,1,1,2,1,1,2
659,1,3,2,6,3,3,4,2,3,1,4,2,2,2,1,2,1,2,2,2,1,2
660,3,3,4,8,1,3,1,3,3,4,2,1,2,3,1,2,1,1,2,2,2,2
661,2,3,4,2,1,5,1,4,3,2,1,1,2,2,1,2,1,1,2,2,2,1
662,4,3,4,6,2,3,4,4,3,2,2,2,2,2,2,2,1,1,2,2,1,2
663,1,2,3,6,1,3,5,4,3,1,3,2,3,2,2,1,1,2,2,2,1,2
664,3,2,2,5,1,3,1,2,3,4,3,2,2,2,1,4,1,1,2,1,1,2
665,4,3,2,7,3,3,5,4,1,2,4,2,1,2,2,1,1,2,2,2,1,2
666,1,3,1,6,2,4,1,4,3,2,1,2,3,2,1,2,2,2,2,2,1,2
667,4,3,1,1,2,3,1,1,3,1,2,2,3,2,1,2,1,1,2,1,1,2
668,2,3,2,2,2,3,4,3,1,4,3,2,2,3,2,2,1,2,2,2,1,1
669,3,3,2,8,2,3,4,4,3,4,3,2,2,2,1,2,1,1,2,2,1,2
670,4,3,2,1,2,1,1,3,3,3,3,2,2,2,2,4,1,2,2,2,1,2
671,4,3,4,1,3,1,2,2,3,2,1,2,2,2,2,2,1,2,2,2,1,2
672,4,3,4,2,3,3,4,2,3,4,3,2,2,2,1,1,1,2,2,2,1,2
673,4,2,2,2,2,2,1,1,3,2,1,1,2,2,1,2,1,1,2,2,2,2
674,4,3,3,1,2,2,3,4,3,2,2,2,1,2,1,4,2,1,2,2,1,1
675,4,3,2,8,2,3,2,4,3,4,1,2,2,3,1,1,1,2,2,1,1,2
676,4,3,2,6,3,3,4,4,3,4,1,2,2,2,1,2,1,2,2,2,1,2
677,1,3,4,8,3,1,1,2,3,2,1,1,2,2,1,2,1,1,2,2,2,1
678,2,3,4,8,2,3,4,4,3,4,2,2,1,3,1,4,1,1,2,2,1,2
679,4,3,4,8,1,3,3,3,3,1,2,2,2,2,1,2,1,1,2,1,1,2
680,4,2,4,5,1,3,3,1,3,2,4,2,2,2,1,2,1,1,2,1,1,2
681,4,3,4,8,2,5,1,4,3,4,4,2,2,1,1,2,1,2,2,2,1,2
682,4,3,3,8,1,3,1,4,3,3,2,2,1,2,2,2,1,1,2,2,2,2
683,4,3,2,8,3,3,3,3,3,3,4,2,2,1,3,2,1,2,2,2,2,2
684,1,3,3,1,3,1,2,1,3,3,3,2,2,2,2,4,2,2,2,2,1,2
685,4,3,4,2,3,5,1,4,3,4,4,2,2,1,1,2,2,2,2,2,1,2
686,3,2,2,8,1,5,2,4,3,2,3,2,2,2,2,2,1,2,2,2,1,2
687,1,3,3,2,2,1,4,4,3,3,4,2,2,1,1,2,1,1,2,2,1,2
688,4,2,4,8,2,1,4,3,1,4,1,2,2,2,1,2,1,2,2,2,1,2
689,2,3,4,2,2,4,1,1,3,3,3,2,2,2,1,2,2,1,2,2,1,2
690,2,3,2,6,1,3,1,2,3,3,3,1,2,2,2,2,1,1,2,2,1,2
691,1,3,4,9,2,1,1,3,3,2,2,1,2,2,1,4,1,1,2,1,1,2
692,1,3,4,8,2,1,3,2,3,1,1,2,2,2,1,2,1,1,2,2,1,2
693,2,2,2,2,2,5,3,1,3,3,2,2,2,2,2,4,2,1,2,2,1,2
694,4,3,4,8,2,3,2,4,3,2,1,2,2,2,1,2,1,2,2,2,1,2
695,4,2,4,3,1,2,1,2,3,4,3,2,2,3,1,2,1,1,2,2,1,2
696,1,3,4,8,1,3,2,4,2,3,2,2,2,2,2,2,1,1,1,2,1,2
697,4,3,2,2,1,3,5,1,3,2,3,2,2,2,1,3,1,1,2,1,1,2
698,4,3,2,8,1,3,1,4,3,2,1,1,2,2,2,2,1,1,2,2,1,2
699,3,3,4,5,1,3,4,4,3,4,1,2,2,3,1,1,1,2,2,2,1,2
700,4,3,4,6,1,2,1,4,3,4,1,2,2,3,1,4,1,1,2,1,1,1
701,2,3,2,3,3,3,4,4,3,4,4,2,2,1,2,2,1,2,2,2,1,1
702,3,3,4,8,1,1,4,4,3,2,4,2,2,1,1,2,1,2,2,1,1,2
703,1,3,3,1,2,1,4,4,3,2,3,2,3,2,2,2,1,1,2,2,1,2
704,1,3,4,1,2,3,3,4,3,1,3,2,2,2,1,2,2,2,2,1,1,2
705,4,3,4,2,3,2,4,1,3,4,4,2,2,1,1,2,1,1,2,1,1,2
706,1,3,4,2,3,1,2,3,3,2,3,1,2,2,1,2,1,1,2,2,1,1
707,1,3,5,6,2,3,3,4,3,3,3,1,2,3,2,2,1,1,2,1,1,1
708,1,2,4,8,1,3,4,4,3,4,2,1,2,2,1,2,1,1,2,1,1,2
709,1,2,4,8,2,3,1,2,3,2,2,2,2,2,1,4,2,1,2,2,1,2
710,4,3,2,8,1,2,4,4,3,3,3,2,1,2,2,1,1,2,2,2,1,2
711,2,2,1,5,1,3,4,4,3,4,4,2,2,1,1,2,1,1,2,1,1,1
712,4,3,4,3,2,5,4,4,3,4,2,2,2,2,1,1,1,2,2,2,1,2
713,2,2,2,8,1,3,1,4,3,4,2,1,2,2,2,4,1,1,2,2,1,2
714,1,3,4,2,3,3,2,4,3,2,4,2,2,2,1,1,1,2,2,2,1,1
715,4,3,2,3,3,5,4,1,3,4,1,2,2,2,2,2,1,1,2,2,1,2
716,4,3,2,8,2,5,4,3,3,2,1,2,2,2,2,2,2,2,2,2,1,2
717,4,3,4,8,1,3,1,4,3,2,4,2,2,1,1,1,1,2,2,2,1,2
718,3,3,2,8,2,5,1,3,3,2,1,2,2,2,2,2,1,2,2,2,1,2
719,1,3,5,3,3,1,4,3,3,4,1,2,1,2,2,2,1,2,2,2,2,2
720,3,2,5,8,1,3,3,4,3,2,1,2,2,2,2,1,1,2,2,2,1,1
721,1,2,1,5,1,4,3,4,3,2,3,1,1,3,1,2,2,1,2,1,1,1
722,2,3,4,2,1,3,1,4,3,2,2,1,2,2,1,4,1,1,2,1,1,1
723,1,2,4,8,1,2,1,4,3,3,2,2,2,2,1,4,1,1,2,1,1,2
724,4,3,4,2,2,3,1,3,3,3,2,1,2,3,1,2,1,1,2,1,1,1
725,4,2,2,2,1,4,1,2,3,2,2,2,1,2,2,4,1,1,2,1,1,2
726,4,3,2,8,1,2,1,2,3,2,3,2,2,2,2,4,1,1,2,2,2,2
727,2,3,4,8,1,3,1,4,3,4,1,1,1,3,2,2,1,1,2,1,1,1
728,1,3,1,1,3,3,4,4,3,3,4,2,2,3,1,2,1,1,2,1,1,1
729,3,3,2,1,1,4,1,2,3,4,2,2,2,2,2,2,1,2,2,2,1,2
730,1,3,3,8,3,3,3,1,3,2,1,2,2,2,1,2,1,1,2,2,1,2
731,2,3,4,8,1,3,1,2,3,4,2,1,2,3,1,4,2,1,2,2,1,1
732,1,2,4,8,1,3,2,4,2,2,2,2,2,2,1,4,1,1,2,1,1,2
733,4,3,4,3,2,4,1,2,3,4,1,2,2,3,1,2,1,2,2,1,1,2
734,4,1,2,2,2,3,2,1,3,1,2,2,2,2,1,2,2,1,2,1,1,2
735,1,3,1,4,2,5,3,3,3,2,4,2,1,2,1,3,1,1,2,1,1,2
736,1,3,4,3,3,3,1,1,3,4,1,1,2,3,2,1,1,1,2,1,1,1
737,2,3,4,2,2,1,1,3,3,4,1,2,2,2,1,4,2,2,2,2,1,2
738,4,2,2,2,3,3,2,1,3,3,4,2,2,2,2,1,2,2,2,2,1,2
739,1,3,5,1,2,1,1,4,3,4,1,2,2,3,2,4,1,1,2,1,1,1
740,2,3,1,2,2,1,2,2,3,3,1,2,1,2,1,2,1,1,2,2,1,2
741,1,2,1,8,1,3,1,4,3,4,2,1,3,2,1,4,1,1,2,2,1,2
742,4,3,4,8,2,5,4,4,3,3,3,2,2,2,1,2,1,2,2,2,1,2
743,2,3,1,6,2,2,1,4,3,4,2,1,3,2,1,2,1,2,2,2,1,2
744,2,3,2,6,3,5,2,4,3,4,3,2,2,2,2,1,1,2,2,2,1,2
745,2,3,2,1,1,3,3,3,3,1,3,2,1,2,2,4,1,1,2,2,1,2
746,2,3,4,2,2,3,5,1,3,4,1,1,2,3,1,2,1,1,2,1,1,2
747,2,3,4,2,1,3,3,3,3,1,2,2,2,2,1,4,1,1,2,1,1,1
748,4,3,4,3,3,5,1,1,3,3,1,2,2,2,1,2,1,1,2,2,1,2
749,4,3,4,3,2,3,2,2,3,2,1,2,2,2,1,2,1,1,2,2,1,2
750,2,2,4,6,1,3,4,2,3,1,3,2,1,2,1,2,1,2,2,1,1,2
751,2,3,4,2,1,3,3,1,3,2,1,1,2,2,1,4,1,1,2,1,1,1
752,1,3,4,1,1,1,2,2,3,4,2,1,2,3,1,4,1,1,2,1,1,2
753,4,3,2,8,3,3,2,4,3,2,1,1,2,2,2,2,1,1,2,1,1,2
754,4,3,3,9,1,4,4,4,3,4,4,2,2,1,2,2,2,1,2,2,1,1
755,2,3,4,2,1,5,2,4,3,4,4,2,2,3,1,2,1,1,2,1,1,1
756,3,2,2,2,1,3,1,1,3,1,2,2,2,2,3,3,2,1,1,2,1,2
757,3,3,2,8,1,5,1,3,3,4,4,2,2,1,2,2,1,2,2,2,1,1
758,4,3,4,2,1,3,1,2,2,2,2,2,2,2,1,2,1,2,2,2,1,2
759,2,3,2,2,1,3,4,4,3,3,3,2,2,2,2,2,1,1,2,2,1,1
760,4,3,2,2,3,5,4,1,3,4,1,2,2,2,1,2,1,2,2,1,1,2
761,2,3,2,6,2,3,1,4,3,4,2,1,2,3,2,2,1,1,2,1,1,1
762,2,3,4,8,2,3,1,4,3,3,3,1,2,2,1,4,1,1,2,2,1,2
763,4,3,2,2,3,5,4,4,3,4,4,2,2,1,1,1,1,2,2,2,1,1
764,4,3,2,2,2,1,2,4,3,3,3,2,2,2,2,2,1,2,2,2,2,2
765,1,3,4,8,1,3,4,3,2,3,2,2,1,2,2,4,1,1,2,2,2,2
766,2,3,4,6,2,3,3,2,3,4,3,2,2,2,1,4,1,1,2,2,1,1
767,4,2,4,3,2,5,3,1,3,4,2,2,2,3,1,2,1,1,2,1,1,2
768,1,3,2,6,2,3,4,1,3,4,1,2,2,3,3,2,1,2,2,2,1,2
769,4,3,2,8,1,3,4,2,3,4,2,2,2,2,2,4,1,2,2,2,1,2
770,2,3,4,3,2,5,4,2,3,4,2,2,2,3,1,2,1,1,2,1,1,2
771,2,3,2,5,3,3,1,3,3,2,4,1,2,2,2,1,1,2,2,1,1,1
772,4,3,2,3,2,3,4,1,3,4,1,2,2,2,1,1,1,2,2,2,1,2
773,4,3,2,8,2,1,4,4,3,4,3,2,1,2,2,2,1,1,2,2,1,2
774,3,3,2,2,1,2,5,2,3,4,4,2,1,1,3,3,1,1,2,2,1,2
775,2,3,4,2,1,5,1,4,3,4,2,1,2,3,1,2,1,1,2,1,1,1
776,4,3,2,2,2,3,2,4,3,4,1,2,2,2,2,2,1,2,2,2,1,2
777,2,3,4,8,2,3,2,4,2,1,2,1,2,2,1,2,1,1,2,1,1,2
778,4,3,2,3,3,4,4,4,3,2,1,2,2,2,2,1,1,2,2,2,1,2
779,1,3,4,9,2,3,5,2,3,4,1,2,2,2,1,2,1,2,2,1,1,2
780,1,3,2,8,2,3,2,2,2,2,2,1,2,2,2,2,1,1,2,2,1,1
781,4,3,2,2,1,4,4,4,3,4,2,2,2,2,1,2,1,2,2,2,1,2
782,1,3,5,10,1,3,1,2,3,2,2,2,2,2,1,4,1,2,2,2,1,2
783,1,3,4,2,1,1,3,4,3,2,3,1,1,2,1,4,1,1,2,1,1,1
784,1,3,4,3,3,5,5,1,3,4,2,2,2,2,1,1,1,2,2,2,1,2
785,1,3,4,1,1,4,1,4,3,2,3,2,2,2,1,4,1,2,2,2,1,2
786,4,3,4,8,2,2,4,3,3,4,1,2,2,2,1,2,1,1,2,2,1,2
787,4,3,2,3,2,5,4,4,3,3,1,2,2,2,2,2,2,2,2,2,1,2
788,1,3,3,5,3,3,4,4,3,4,4,2,2,1,1,2,1,1,2,2,1,1
789,2,3,2,5,3,3,1,4,3,3,4,2,1,2,1,2,1,2,2,2,1,1
790,1,3,4,1,1,3,4,2,3,4,3,2,2,2,1,2,2,1,2,1,1,1
791,4,3,4,3,3,5,4,3,3,4,1,2,2,2,1,1,2,2,2,2,1,2
792,4,2,2,6,1,5,1,1,3,2,3,2,2,2,2,2,1,1,2,2,2,2
793,3,3,4,6,2,3,4,3,3,4,4,2,2,1,1,2,1,1,2,2,1,2
794,4,3,4,6,2,2,4,4,3,3,4,2,2,3,1,2,1,2,2,2,1,2
795,4,2,4,6,2,1,3,2,3,4,3,1,2,3,1,2,1,1,2,1,1,2
796,2,3,4,3,3,5,4,1,3,4,3,2,2,1,1,2,2,2,2,2,1,1
797,4,3,2,6,1,3,3,2,3,4,3,1,2,3,2,4,1,1,2,1,1,2
798,4,3,3,2,1,5,4,4,3,4,1,2,2,2,2,2,1,2,2,2,2,2
799,1,2,4,2,1,5,3,4,3,2,2,2,2,2,1,3,1,1,2,2,1,2
800,4,3,2,5,1,3,4,4,3,4,4,2,2,1,2,2,2,1,2,2,1,2
801,1,3,2,8,1,3,4,3,2,4,2,2,1,3,2,4,1,2,2,1,1,2
802,2,3,2,6,2,3,4,1,3,4,3,1,2,2,2,2,1,1,2,1,1,2
803,4,3,2,8,1,5,4,4,3,4,1,2,2,2,2,2,1,1,2,2,1,2
804,1,3,4,2,3,5,5,1,3,2,2,1,2,3,1,3,1,1,2,1,1,2
805,2,3,4,2,3,3,2,2,3,1,1,1,2,2,1,2,1,2,2,2,1,1
806,1,2,4,8,1,3,3,3,3,3,2,2,2,2,1,4,1,1,1,2,2,2
807,4,3,2,8,1,5,4,4,3,4,2,2,2,2,4,2,1,1,2,2,1,2
808,1,3,1,3,3,3,5,1,3,2,4,2,1,1,1,1,1,2,2,2,1,2
809,1,3,5,2,1,3,3,2,3,1,2,2,2,3,2,3,1,1,2,1,1,1
810,1,2,4,1,1,3,3,3,3,2,2,2,2,2,1,2,1,2,2,2,2,2
811,1,2,4,8,1,3,2,3,2,3,2,2,1,2,1,4,1,1,2,2,2,2
812,2,3,2,3,3,3,2,4,3,4,1,1,2,2,2,2,1,2,2,2,1,1
813,2,3,4,4,2,3,1,3,3,4,1,2,2,2,1,2,1,1,2,2,1,1
814,2,3,4,2,2,3,2,4,3,4,4,2,2,1,1,2,2,1,2,2,1,1
815,1,3,3,2,3,3,1,2,3,2,3,2,2,3,1,2,1,1,2,1,1,2
816,4,2,4,4,1,2,1,1,3,4,2,2,2,2,1,2,1,1,2,2,1,2
817,4,2,2,8,1,3,2,1,3,2,1,1,2,3,2,2,1,2,2,1,1,2
818,2,3,4,7,3,3,5,2,1,3,1,2,2,2,1,1,1,1,2,2,1,2
819,2,3,4,8,1,3,1,4,3,3,2,2,1,2,1,2,1,1,2,2,2,1
820,4,3,4,2,1,3,1,3,3,2,2,2,2,2,2,2,1,2,2,2,2,2
821,3,3,4,8,2,3,1,3,3,1,1,1,2,2,1,2,1,1,2,2,2,2
822,2,3,4,6,2,3,4,2,3,2,3,2,1,2,1,2,2,1,2,2,1,1
823,2,2,2,2,1,3,4,4,3,4,2,2,2,2,2,4,1,1,2,2,1,2
824,4,3,2,6,2,3,3,3,3,2,1,2,2,2,2,1,1,2,2,2,1,2
825,2,3,2,2,1,3,4,4,3,3,1,2,2,2,2,2,1,2,2,2,2,2
826,2,3,2,2,2,3,4,1,3,4,2,2,1,3,3,2,1,2,2,1,1,1
827,4,3,5,1,2,3,1,2,3,2,1,2,3,2,2,2,2,1,2,2,1,1
828,2,3,4,3,3,5,4,3,3,4,4,2,2,1,1,2,1,1,2,2,1,1
829,1,3,3,1,3,5,1,4,3,4,4,2,2,1,1,2,2,2,2,2,1,2
830,4,3,3,1,2,2,1,4,3,2,1,2,2,2,2,2,2,2,2,2,1,2
831,2,3,4,2,1,3,3,4,3,3,1,1,2,3,1,2,1,2,2,1,1,1
832,2,3,5,1,3,3,4,2,3,4,1,2,2,3,2,2,1,1,2,2,1,1
833,1,3,4,8,3,5,4,2,3,4,1,2,2,2,1,2,1,2,2,1,1,2
834,3,3,4,8,2,3,3,2,3,3,2,1,2,2,1,4,1,1,2,1,1,1
835,2,3,5,2,1,3,1,4,3,4,1,2,1,2,2,2,1,1,2,2,1,1
836,4,3,4,8,1,5,1,4,3,2,1,1,2,2,1,2,1,1,2,1,1,2
837,4,1,4,6,1,3,3,1,3,3,2,1,2,3,1,4,2,1,2,1,1,2
838,2,3,2,3,2,3,4,4,3,4,3,2,2,2,2,2,1,2,2,2,1,2
839,4,3,2,8,2,3,4,4,1,3,2,2,2,2,2,2,1,1,2,2,2,2
840,2,3,4,6,3,3,2,4,3,2,3,2,2,2,1,2,1,1,2,2,1,1
841,4,3,3,3,2,3,1,3,3,2,2,2,3,2,2,4,1,1,2,2,1,2
842,4,3,4,9,1,3,3,4,3,4,2,1,2,2,1,2,1,1,2,1,1,1
843,4,3,1,1,1,3,2,4,3,4,1,2,1,2,1,2,1,2,2,2,1,2
844,4,3,4,6,2,3,4,4,3,4,3,2,1,2,3,2,2,2,2,2,1,2
845,1,3,4,6,2,5,2,2,3,3,1,2,2,2,1,2,1,2,2,2,1,2
846,4,3,4,2,3,5,1,2,3,4,1,2,2,3,2,2,1,1,2,2,1,1
847,4,3,4,2,1,3,3,4,3,2,2,2,2,2,1,2,1,1,2,2,2,2
848,2,2,4,8,1,3,2,3,3,4,2,2,2,2,1,2,1,1,2,2,1,2
849,2,3,4,8,1,3,4,4,3,4,2,2,3,2,1,4,1,1,2,2,1,1
850,2,3,2,2,2,3,1,4,2,2,3,2,1,3,2,2,1,1,1,2,2,1
851,4,3,2,3,2,5,2,3,3,4,3,2,2,2,2,2,1,2,2,2,1,2
852,4,3,2,8,1,3,1,4,3,4,4,2,2,1,2,2,1,2,2,2,1,2
853,2,3,1,2,1,3,2,4,3,4,4,2,2,1,2,4,2,1,2,2,1,1
854,4,3,3,2,3,3,4,2,3,2,1,2,2,2,2,2,2,2,2,2,1,2
855,4,3,4,2,1,1,3,4,3,3,2,2,2,2,1,2,1,2,2,2,2,2
856,4,2,4,10,1,5,2,4,3,3,3,2,2,2,1,2,1,2,2,1,1,2
857,4,3,2,6,2,3,1,4,3,2,4,2,2,1,1,2,1,2,2,2,1,2
858,2,3,4,2,2,3,1,3,3,2,3,2,2,2,1,2,1,2,2,1,1,1
859,4,2,4,2,2,1,1,1,2,2,2,2,2,3,1,2,2,1,1,2,1,2
860,4,3,2,3,3,4,1,4,3,2,2,2,2,2,2,2,1,1,2,2,1,2
861,4,3,3,1,2,3,1,4,3,2,1,2,2,2,1,2,1,2,2,2,2,1
862,2,3,4,8,2,3,3,4,3,4,2,2,2,2,1,2,1,2,2,1,1,1
863,4,3,2,6,2,4,3,4,3,2,2,2,3,2,2,4,2,2,2,2,1,2
864,4,2,4,6,2,3,1,2,3,2,2,1,1,3,1,4,1,1,2,2,1,1
865,4,3,4,6,2,2,1,2,3,4,1,1,2,3,1,2,1,1,2,1,1,2
866,2,3,4,8,2,3,3,4,3,1,1,2,3,2,1,2,1,1,2,1,1,2
867,4,3,2,6,2,3,4,2,3,4,3,2,3,2,1,2,1,1,2,2,1,2
868,4,3,4,1,3,5,4,3,3,2,3,2,2,2,2,2,1,1,2,2,1,2
869,2,3,4,6,1,3,4,4,3,4,3,1,2,3,1,2,1,1,2,1,1,2
870,4,3,3,6,3,2,2,2,3,4,1,2,2,2,2,2,1,2,2,1,1,2
871,3,2,2,2,1,3,4,1,3,4,2,2,2,2,2,2,2,1,1,2,1,2
872,2,3,2,1,1,1,2,4,3,1,2,2,2,2,2,2,1,2,2,2,1,2
873,4,3,4,4,1,5,3,4,3,1,2,1,2,2,1,2,1,1,2,1,1,2
874,2,3,4,6,2,3,1,2,1,2,3,2,2,2,1,4,2,1,2,2,1,2
875,1,2,2,2,1,4,1,4,3,4,1,2,2,2,2,2,1,1,2,1,1,2
876,2,3,1,8,1,3,3,3,1,4,4,2,1,1,1,1,1,2,2,2,1,2
877,4,3,4,8,2,3,4,4,3,2,1,2,2,2,1,2,1,1,2,2,1,2
878,2,2,4,2,1,3,3,3,3,2,4,2,2,1,1,1,1,2,2,2,1,1
879,4,3,2,8,3,5,2,2,3,3,3,2,2,2,2,2,1,1,2,2,1,2
880,4,3,4,3,3,3,2,3,3,3,1,2,2,2,1,1,1,2,2,2,1,2
881,4,3,4,3,3,5,1,2,3,4,4,2,2,1,1,2,1,2,2,2,1,2
882,1,3,2,2,2,5,4,4,3,4,2,2,2,2,2,2,1,1,2,2,1,2
883,4,3,2,8,1,3,5,4,3,4,1,2,2,2,2,3,1,1,2,1,1,2
884,1,3,4,6,2,3,2,3,3,3,1,2,2,2,1,2,1,2,2,2,1,1
885,2,3,4,5,1,3,3,4,3,4,3,2,2,2,1,2,1,1,2,1,1,1
886,1,3,2,1,2,5,2,4,3,3,4,2,2,2,2,2,2,2,2,2,1,2
887,1,3,4,1,3,3,1,2,3,2,1,1,2,2,1,2,1,2,2,2,1,1
888,4,3,2,2,3,3,4,4,3,4,1,2,2,2,2,1,1,2,2,2,1,2
889,4,3,1,3,3,5,3,3,2,4,2,2,1,3,2,2,2,2,2,2,1,2
890,2,3,2,1,2,3,4,4,3,4,1,2,3,2,4,1,2,2,2,2,1,2
891,4,3,2,8,1,3,4,4,3,4,1,2,2,2,2,2,1,2,2,2,1,2
892,2,3,2,2,2,3,1,4,3,4,3,2,1,2,2,4,1,1,1,2,1,2
893,1,3,2,3,3,3,1,3,3,4,1,2,2,2,2,2,1,2,2,2,1,2
894,4,3,2,8,1,5,1,4,3,3,3,2,2,2,2,2,1,2,2,2,1,2
895,4,3,3,3,3,5,2,3,3,2,1,2,3,2,1,1,2,2,2,2,1,2
896,2,3,4,8,2,3,3,4,3,4,3,2,2,3,1,1,1,2,2,1,1,2
897,4,3,2,6,1,4,2,3,3,2,3,2,2,2,1,2,1,1,1,1,1,2
898,4,3,4,6,2,5,2,1,3,4,2,2,1,3,1,4,1,1,2,1,1,2
899,2,3,4,6,2,3,1,2,1,3,1,2,2,2,1,2,1,1,2,2,1,1
900,2,3,2,2,2,3,4,2,2,4,3,2,1,3,1,2,1,2,2,2,1,1
901,4,3,2,2,2,5,3,2,3,4,2,2,2,2,2,2,1,2,2,2,1,2
902,4,3,2,3,3,5,4,2,3,4,4,2,2,1,2,2,1,1,2,2,1,2
903,4,3,4,8,1,5,1,4,3,2,2,2,2,3,1,2,1,2,2,2,2,2
904,4,3,4,8,1,3,4,4,3,1,2,2,2,2,1,1,1,2,2,2,1,2
905,2,3,4,8,1,3,1,2,3,2,2,1,2,3,1,1,2,2,2,2,1,2
906,2,3,4,2,2,5,2,2,1,2,2,1,2,2,1,4,1,1,1,2,1,2
907,1,3,4,5,2,5,1,2,3,2,1,2,2,2,1,2,1,1,2,2,2,2
908,4,3,3,3,2,3,3,1,3,2,3,2,2,2,2,4,1,1,2,1,1,2
909,1,2,4,2,2,5,1,1,3,2,2,2,2,2,1,4,1,1,2,1,1,2
910,4,3,3,8,2,3,1,4,3,4,2,2,2,2,2,2,1,1,2,1,1,2
911,1,3,2,6,2,3,3,2,3,4,1,1,1,2,1,4,1,1,2,1,1,1
912,1,3,4,8,2,5,4,2,3,4,1,1,2,2,1,2,1,1,2,1,1,2
913,4,2,4,1,2,4,4,1,3,2,2,2,2,2,1,2,1,2,2,2,1,2
914,2,3,1,1,2,3,1,4,3,2,3,2,2,3,1,2,1,2,2,2,1,1
915,1,3,5,7,3,3,1,1,3,2,3,2,1,2,1,1,1,2,1,1,1,1
916,4,2,4,3,2,1,1,1,1,2,2,2,2,2,1,2,2,1,2,2,1,2
917,2,2,4,2,3,3,4,1,3,4,4,2,1,2,1,1,1,2,2,2,1,1
918,2,3,4,6,2,1,5,1,3,1,3,2,2,2,1,2,1,1,2,2,1,1
919,2,3,4,6,2,3,4,4,3,2,3,2,2,3,1,1,1,2,2,2,1,1
920,4,3,2,6,1,3,1,4,3,2,4,2,2,2,2,2,1,1,2,1,1,2
921,4,3,3,8,3,2,2,4,3,1,1,2,2,2,1,1,1,2,2,2,1,2
922,2,2,4,8,1,3,3,3,3,4,3,1,2,3,1,2,1,1,2,1,1,1
923,1,3,4,2,2,3,2,3,3,4,3,2,2,3,1,2,2,2,2,2,1,2
924,2,3,1,6,3,3,3,2,3,1,3,2,1,2,1,2,1,2,2,2,1,1
925,2,3,1,2,1,3,3,4,3,2,1,2,1,2,2,2,1,2,2,2,1,1
926,2,3,2,6,1,3,3,4,3,4,3,1,2,3,1,2,1,1,2,1,1,2
927,2,3,4,3,3,3,2,4,3,4,4,2,3,1,3,2,2,2,2,2,1,1
928,4,3,4,8,1,5,4,4,3,4,1,2,2,2,1,2,1,2,2,2,1,2
929,2,3,3,2,1,3,1,4,3,2,2,2,2,2,2,4,2,1,2,2,1,2
930,2,3,4,6,1,3,3,4,1,1,3,1,2,2,1,4,1,1,1,2,1,2
931,1,2,4,8,1,3,3,4,3,2,1,1,2,2,1,2,1,2,2,1,1,1
932,4,2,2,2,1,3,1,3,3,1,2,2,2,2,2,2,1,1,2,2,1,2
933,4,3,2,8,1,2,4,4,3,4,3,2,2,2,2,2,2,2,2,2,1,2
934,2,3,4,8,1,3,1,4,3,1,1,1,1,2,1,2,1,1,2,1,1,2
935,1,3,3,8,1,1,3,4,3,3,4,2,3,2,2,1,1,1,2,2,1,1
936,3,2,4,8,1,3,1,3,3,2,2,2,2,2,1,4,1,1,2,1,1,1
937,1,2,4,8,2,3,3,4,3,3,1,2,2,3,1,1,1,2,2,2,2,2
938,1,3,4,5,3,3,1,4,3,4,4,2,2,1,1,2,1,1,2,2,1,1
939,4,3,2,3,3,5,1,2,3,4,3,2,2,2,2,1,2,2,2,2,1,2
940,4,3,4,2,2,5,3,2,3,3,3,2,2,2,1,1,2,2,2,2,1,2
941,4,2,4,2,1,3,1,3,3,2,2,2,2,2,1,4,2,1,1,2,1,2
942,4,3,4,6,1,5,2,4,3,2,1,2,3,2,1,2,1,2,2,2,1,2
943,4,1,2,2,1,3,2,2,3,1,2,2,2,2,3,4,2,1,2,2,1,2
944,2,3,4,6,1,3,3,4,2,1,3,2,2,3,1,2,1,1,2,1,1,2
945,1,3,5,2,3,2,3,1,3,1,1,2,2,2,2,2,1,1,2,1,1,2
946,2,3,1,6,2,2,3,4,3,4,4,2,2,1,1,2,2,2,2,2,1,1
947,4,3,4,2,2,5,5,4,3,4,4,2,2,2,1,1,1,2,2,2,1,2
948,4,3,4,6,1,3,3,4,1,1,3,2,2,2,1,4,2,1,2,2,2,1
949,4,3,4,8,2,1,4,2,3,4,1,2,2,2,2,2,1,1,2,2,1,1
950,1,3,2,1,2,3,5,3,3,3,1,2,2,2,3,3,2,2,2,2,2,2
951,2,3,3,1,2,3,2,2,3,1,1,1,2,2,2,2,1,2,2,2,1,1
952,1,3,4,3,2,2,3,3,3,4,1,2,2,3,1,2,1,1,2,1,1,1
953,4,3,4,6,3,3,5,4,3,2,1,2,2,2,2,1,1,2,2,1,1,1
954,2,3,4,2,1,3,1,4,2,4,3,2,2,2,1,2,1,2,2,1,1,2
955,2,3,2,8,1,4,4,4,3,4,3,2,2,3,2,1,1,2,2,1,1,2
956,3,3,2,8,2,5,4,4,3,4,3,2,3,2,2,4,1,1,2,2,1,2
957,1,2,2,8,1,3,4,2,3,4,2,2,2,2,3,4,1,1,2,2,1,2
958,2,3,4,2,2,3,1,3,3,2,1,2,2,2,1,4,1,1,2,2,1,1
959,1,3,4,6,2,1,4,4,3,4,4,2,2,1,1,2,1,1,2,2,1,2
960,4,2,2,8,1,3,4,2,3,2,2,2,2,3,2,2,1,1,2,2,2,2
961,1,3,3,2,2,3,1,1,3,4,3,2,2,2,2,2,1,1,2,2,1,2
962,4,3,4,2,2,5,1,3,3,2,4,2,2,2,1,2,1,1,2,2,1,2
963,4,3,4,8,2,2,4,3,3,2,1,2,1,2,2,2,1,2,2,2,1,1
964,1,2,4,9,1,3,3,3,3,1,3,1,2,2,1,4,1,1,2,2,2,2
965,1,3,4,8,1,5,1,4,3,1,1,2,2,2,1,2,1,1,2,1,1,2
966,1,3,2,8,2,2,1,4,3,2,3,1,2,2,2,4,1,1,2,2,1,1
967,4,3,4,8,2,3,4,4,3,2,1,2,1,3,1,1,1,2,2,1,1,2
968,4,3,4,8,3,5,2,2,3,4,3,2,2,3,1,2,1,2,2,2,2,2
969,2,2,2,2,2,3,1,1,3,2,2,2,2,2,2,4,2,1,2,2,1,2
970,1,3,4,9,1,1,1,4,2,2,2,1,2,2,1,2,1,1,2,2,1,2
971,4,3,4,2,3,3,1,1,3,4,3,2,2,2,1,4,2,1,2,2,1,2
972,2,3,1,2,1,3,5,1,1,4,4,2,2,3,2,3,1,1,2,1,1,1
973,2,3,4,1,3,3,4,4,1,4,4,2,2,3,1,2,1,1,2,2,1,1
974,4,3,2,8,2,3,1,4,3,2,1,2,2,2,1,2,1,2,2,1,1,2
975,3,3,4,8,1,2,1,3,3,3,1,2,2,2,1,4,1,1,2,1,1,2
976,1,2,4,8,1,3,1,2,2,3,2,2,2,2,1,2,1,1,2,1,1,2
977,1,3,3,1,2,5,4,4,3,2,3,2,2,2,2,2,1,1,2,2,1,2
978,4,3,3,2,2,3,4,4,3,4,1,2,2,2,2,4,2,1,2,2,1,1
979,1,3,1,2,1,1,1,2,3,2,3,1,2,3,1,2,1,1,2,2,2,1
980,1,3,2,6,3,3,2,2,3,2,3,2,2,2,1,2,1,1,2,2,1,1
981,4,3,4,1,2,3,5,3,3,2,1,2,1,3,1,1,1,2,2,2,1,1
982,3,3,4,2,2,1,1,1,3,1,1,2,1,2,1,1,1,2,2,1,1,2
983,2,3,4,3,3,3,1,2,3,2,3,2,2,2,1,2,2,1,2,2,1,1
984,4,3,2,6,2,3,2,2,3,2,3,2,2,2,2,4,1,1,2,2,1,2
985,2,3,2,6,1,3,1,4,3,3,3,1,2,3,2,2,1,1,2,1,1,2
986,3,3,5,1,3,3,3,2,3,1,3,2,2,2,2,2,1,1,2,2,1,2
987,4,3,4,8,1,1,5,2,3,4,2,2,2,2,1,2,1,1,2,1,1,2
988,2,3,4,3,3,3,5,4,3,2,4,2,2,1,1,1,1,2,2,2,1,2
989,1,3,2,8,1,3,4,4,3,2,3,2,2,2,2,4,1,1,2,2,1,2
990,4,3,2,5,2,5,3,2,3,1,3,2,2,2,2,4,2,1,2,2,1,2
991,4,3,1,8,1,1,4,4,3,4,1,2,1,2,1,4,2,1,2,2,1,2
992,2,3,4,8,1,5,2,2,3,4,1,1,2,3,2,4,1,1,2,2,2,2
993,2,3,4,6,2,3,5,4,3,3,3,2,2,2,1,1,1,2,2,2,1,2
994,4,3,4,2,2,5,4,4,3,3,1,2,2,2,1,2,1,2,2,2,1,2
995,4,3,4,6,1,3,2,3,3,4,2,2,2,2,1,4,1,1,2,1,1,2
996,2,3,4,3,2,3,1,4,3,4,3,2,2,2,1,1,1,2,2,2,1,2
997,4,3,4,8,1,3,4,4,3,4,1,2,2,2,1,2,1,1,2,2,1,2
998,2,3,4,8,1,3,1,4,3,4,4,1,2,1,1,2,1,2,2,2,1,1
999,1,3,2,3,2,1,5,3,3,4,1,2,2,2,1,2,1,1,2,2,1,2
