,race,age_cat,score_text,v_score_text,priors_count,age_cat,two_year_recid
1,0,1,0,0,0,1,1
2,0,0,0,0,0,0,1
4,1,1,1,0,1,1,1
6,1,1,0,0,0,1,0
7,1,1,0,0,0,1,0
8,0,0,1,0,0,0,1
9,1,1,0,0,0,1,0
10,0,1,0,0,0,1,0
11,1,1,0,0,0,1,1
12,0,1,0,0,1,1,1
14,0,1,1,1,0,1,0
15,1,1,1,0,1,1,1
16,1,1,0,0,1,1,1
17,0,1,1,0,1,1,1
18,0,0,1,1,0,0,1
19,1,1,0,0,0,1,1
20,1,0,0,1,0,0,0
22,1,1,0,0,0,1,0
24,0,1,0,0,1,1,1
25,0,1,1,1,1,1,1
26,0,1,1,1,0,1,1
27,1,1,1,1,1,1,1
28,0,1,1,0,0,1,1
29,1,1,0,0,0,1,0
31,1,1,1,0,0,1,1
32,1,0,0,0,0,0,1
33,0,1,1,1,1,1,1
34,1,1,0,0,0,1,0
35,0,0,1,1,0,0,0
36,0,1,0,0,0,1,0
37,1,1,0,0,0,1,1
38,0,1,0,0,1,1,0
39,0,1,1,0,0,1,1
40,1,1,1,1,1,1,1
41,0,1,1,0,1,1,1
42,1,1,0,0,0,1,0
43,0,1,0,0,0,1,0
44,1,1,0,0,0,1,1
46,0,1,1,1,1,1,0
47,0,0,0,0,0,0,1
49,0,1,0,0,0,1,0
50,1,1,1,0,1,1,0
51,0,1,0,0,1,1,0
52,0,1,1,1,1,1,1
53,1,1,0,0,0,1,1
54,0,0,0,1,0,0,1
55,0,1,1,1,0,1,1
57,0,1,1,0,1,1,1
59,0,1,0,0,0,1,0
62,0,1,0,0,0,1,0
63,0,1,1,0,1,1,1
64,1,1,1,0,0,1,1
65,0,1,0,0,0,1,0
66,0,0,0,0,0,0,1
67,1,0,1,1,0,0,0
68,0,1,0,0,0,1,1
69,0,1,0,0,0,1,0
70,0,1,0,0,0,1,0
71,0,1,1,1,1,1,1
73,0,1,1,1,1,1,1
75,0,0,1,1,0,0,1
76,0,1,0,0,0,1,0
77,0,1,1,1,1,1,1
78,1,1,1,0,1,1,1
80,1,1,1,1,1,1,1
81,1,0,1,1,0,0,0
82,1,1,0,0,0,1,1
83,1,1,0,0,0,1,0
85,0,0,0,1,0,0,1
86,0,1,0,0,0,1,0
87,1,1,0,0,0,1,1
88,1,0,1,1,1,0,1
89,1,1,0,0,0,1,0
90,1,1,1,0,0,1,0
91,1,1,0,0,0,1,0
92,1,1,0,0,0,1,0
93,0,0,1,1,0,0,1
94,1,1,0,0,1,1,1
95,1,1,1,1,0,1,0
96,0,1,1,0,1,1,1
97,0,1,0,0,0,1,0
98,1,1,0,0,0,1,1
99,0,1,1,1,1,1,1
100,0,0,0,1,0,0,1
101,0,1,1,1,1,1,1
102,0,1,1,1,0,1,0
104,1,1,1,1,1,1,1
105,0,1,1,0,0,1,1
106,1,1,1,1,0,1,0
107,0,1,1,1,1,1,1
108,1,1,0,0,1,1,0
109,1,1,0,1,0,1,0
110,1,1,0,0,0,1,0
112,1,1,0,0,0,1,1
113,0,0,0,0,0,0,0
114,1,1,0,0,1,1,1
115,1,1,0,0,0,1,1
116,0,1,1,0,0,1,1
117,1,1,0,0,0,1,1
118,0,1,0,0,0,1,0
119,1,1,0,0,0,1,1
120,0,0,1,1,0,0,0
121,1,1,0,0,0,1,0
122,0,1,1,0,1,1,1
123,0,1,1,1,1,1,1
124,0,1,1,0,1,1,1
125,0,1,0,0,0,1,1
126,0,1,1,1,1,1,1
127,0,1,1,1,0,1,1
128,0,0,1,1,0,0,0
129,1,1,1,0,0,1,0
130,0,1,0,0,0,1,1
133,0,1,1,1,0,1,1
135,0,1,0,0,0,1,1
136,1,1,0,0,0,1,0
137,1,1,1,0,0,1,1
138,0,1,1,1,0,1,0
139,1,1,0,0,0,1,0
140,0,0,0,0,0,0,0
141,1,1,0,0,1,1,1
142,1,1,1,0,0,1,0
143,0,1,0,0,0,1,1
145,0,1,1,0,1,1,0
147,0,1,0,0,1,1,0
149,0,1,1,1,1,1,1
152,1,1,0,0,0,1,1
153,1,1,0,0,0,1,0
155,0,0,1,1,0,0,1
156,0,1,1,0,1,1,1
157,0,0,0,0,0,0,1
159,0,1,0,0,0,1,0
160,1,1,0,0,1,1,1
161,0,1,1,1,0,1,1
162,1,1,0,0,0,1,1
163,0,1,1,1,1,1,1
164,1,1,0,0,0,1,0
165,0,0,0,0,0,0,1
166,0,1,0,0,0,1,0
167,0,0,0,0,0,0,0
169,1,1,0,0,0,1,0
170,1,1,0,0,0,1,0
171,1,1,0,0,0,1,0
172,0,1,1,1,1,1,1
174,0,1,1,1,0,1,1
175,0,1,0,0,0,1,0
176,0,1,1,1,0,1,0
177,1,1,1,1,1,1,1
178,0,1,0,0,0,1,0
179,0,1,1,1,0,1,0
180,1,1,0,0,1,1,1
181,0,1,1,0,1,1,0
182,0,1,1,0,0,1,0
183,1,1,0,0,0,1,1
184,1,1,0,0,0,1,0
186,0,1,0,0,0,1,0
187,1,1,0,0,0,1,1
188,0,1,1,0,0,1,0
189,0,1,1,0,1,1,0
190,0,1,1,1,1,1,1
191,0,1,0,0,0,1,0
193,0,1,1,1,1,1,0
194,0,0,1,1,0,0,0
195,0,1,0,0,0,1,0
196,1,1,0,0,0,1,0
197,1,1,0,0,1,1,1
198,0,1,0,0,0,1,0
199,1,1,0,0,0,1,0
200,0,1,1,0,1,1,1
201,1,1,1,0,0,1,0
202,0,0,0,1,0,0,0
203,0,1,0,0,0,1,0
205,1,1,1,1,0,1,1
206,1,1,0,0,0,1,1
207,0,1,1,1,1,1,0
208,1,1,0,0,0,1,0
209,0,1,1,1,1,1,1
210,1,1,1,0,1,1,1
211,0,1,0,0,0,1,0
212,1,0,1,1,0,0,1
217,1,0,1,1,1,0,1
219,0,1,0,0,0,1,0
220,0,0,1,1,0,0,1
221,0,1,1,1,0,1,1
223,0,1,0,0,0,1,0
224,0,1,0,0,0,1,0
225,0,0,1,1,0,0,0
227,0,1,0,0,0,1,0
228,0,0,0,0,0,0,1
229,0,1,0,0,0,1,0
230,1,1,1,0,0,1,0
231,1,1,1,1,0,1,1
232,0,1,1,1,1,1,1
233,0,0,1,1,0,0,1
234,1,0,0,0,0,0,0
235,0,1,0,0,0,1,0
237,0,1,1,0,0,1,1
238,0,1,0,0,0,1,0
239,1,1,0,0,0,1,0
240,1,1,0,0,0,1,0
241,1,1,0,0,0,1,0
242,0,0,1,1,0,0,1
243,0,1,1,1,0,1,1
245,1,1,0,0,1,1,0
246,0,1,0,0,1,1,0
247,1,0,1,1,0,0,1
248,0,1,0,0,1,1,1
249,0,1,0,0,1,1,1
251,1,1,0,0,0,1,0
252,0,0,1,1,0,0,0
253,0,0,1,1,0,0,1
254,1,1,0,0,0,1,0
255,1,1,0,0,1,1,0
257,0,1,0,0,1,1,0
259,0,1,0,0,0,1,0
260,1,1,0,0,0,1,1
261,1,1,0,0,0,1,1
262,1,1,0,0,0,1,0
264,0,1,0,0,0,1,0
265,0,0,1,1,0,0,1
266,1,1,0,0,0,1,0
267,1,1,0,0,0,1,0
268,0,1,1,1,1,1,0
269,0,0,1,1,0,0,1
270,1,1,1,0,1,1,0
271,0,0,1,1,0,0,1
272,1,1,1,1,1,1,1
273,1,1,0,0,0,1,1
275,0,1,1,1,0,1,0
276,1,1,0,0,0,1,1
278,1,1,1,0,0,1,0
279,0,0,1,1,0,0,1
280,1,1,0,0,0,1,0
281,0,0,0,0,0,0,0
283,0,1,0,0,0,1,0
284,1,1,1,0,0,1,0
286,0,1,1,1,1,1,1
287,0,0,1,1,0,0,0
288,0,1,0,0,0,1,0
289,1,1,0,0,0,1,0
290,0,0,1,1,0,0,1
293,1,0,1,1,0,0,0
294,1,1,0,0,0,1,0
295,1,0,1,1,0,0,0
296,0,1,1,1,1,1,1
297,1,0,0,1,0,0,0
298,0,0,1,1,0,0,1
299,0,1,1,0,0,1,0
300,0,1,0,0,0,1,0
301,1,1,0,0,0,1,0
302,0,0,1,1,0,0,1
305,1,1,0,0,0,1,0
306,0,0,0,1,0,0,0
307,1,0,1,1,0,0,1
308,0,0,1,1,0,0,1
309,0,0,1,1,0,0,1
310,1,1,0,0,0,1,0
311,1,1,0,0,0,1,1
312,1,1,1,1,0,1,1
313,0,1,1,1,1,1,1
314,1,1,0,0,0,1,0
315,0,0,0,0,0,0,0
316,0,1,0,0,0,1,0
317,0,1,0,0,0,1,0
318,0,1,1,0,1,1,1
319,0,0,1,1,0,0,1
320,1,0,1,1,0,0,0
321,0,1,1,0,1,1,1
322,0,1,1,1,0,1,0
323,0,1,0,0,0,1,0
324,0,1,0,0,1,1,0
325,1,1,1,1,1,1,1
326,1,1,0,0,0,1,0
327,0,1,1,1,1,1,1
328,0,1,1,1,1,1,0
329,1,1,0,0,0,1,0
331,0,1,1,0,1,1,1
332,0,1,1,1,0,1,0
333,0,0,1,1,0,0,1
334,1,1,0,0,0,1,0
335,0,1,0,0,1,1,0
336,0,1,1,1,1,1,1
337,1,1,0,0,0,1,1
338,0,1,0,0,0,1,0
341,1,1,1,0,0,1,0
342,1,1,0,0,0,1,0
343,0,0,1,1,0,0,0
344,0,1,1,0,1,1,0
345,1,1,0,0,0,1,1
347,1,0,0,1,0,0,0
348,1,1,0,0,0,1,0
349,0,1,0,0,1,1,1
350,1,0,1,1,0,0,1
351,0,1,1,1,1,1,1
353,0,0,1,1,0,0,1
354,1,1,1,0,0,1,1
355,0,1,1,0,1,1,1
356,0,0,1,1,0,0,0
358,1,1,0,0,0,1,0
359,0,1,1,1,0,1,1
360,1,1,0,0,0,1,0
361,0,1,0,0,0,1,0
362,1,0,1,1,0,0,1
363,1,1,0,0,0,1,0
364,0,1,1,0,0,1,0
365,0,0,1,1,0,0,1
366,1,0,1,1,0,0,1
367,1,1,0,0,0,1,0
368,1,0,1,1,0,0,0
369,1,1,0,0,0,1,0
371,0,0,1,1,0,0,1
372,0,0,0,0,0,0,1
373,1,1,0,0,0,1,0
374,0,1,0,0,0,1,0
375,0,1,0,0,0,1,0
376,0,1,0,0,1,1,0
377,1,0,0,0,0,0,0
378,0,1,1,1,0,1,1
379,1,1,0,0,0,1,1
381,0,1,1,1,1,1,1
382,0,1,1,0,0,1,1
383,0,1,1,0,0,1,1
384,1,1,1,0,1,1,1
385,1,1,0,0,0,1,1
386,0,1,0,0,1,1,1
387,0,1,1,1,1,1,1
388,0,1,1,1,1,1,0
389,1,1,0,0,0,1,0
390,0,1,0,0,0,1,0
391,0,0,1,1,1,0,0
392,0,1,1,1,1,1,1
393,0,1,1,0,1,1,1
394,0,0,1,1,1,0,1
395,0,1,0,0,0,1,0
396,0,1,1,0,1,1,1
397,1,0,1,1,0,0,1
398,0,1,0,0,0,1,0
399,0,0,1,1,0,0,1
400,1,1,0,0,0,1,0
402,1,1,0,0,0,1,0
403,1,1,0,0,0,1,0
404,1,1,1,0,0,1,1
405,1,1,0,0,0,1,0
407,1,1,0,0,0,1,1
411,1,0,1,0,1,0,1
412,1,0,1,1,0,0,1
414,0,1,0,0,0,1,0
415,1,1,0,0,0,1,0
416,1,1,0,0,0,1,1
417,0,1,0,0,0,1,0
418,0,1,0,0,0,1,1
419,1,1,0,0,0,1,0
420,0,1,1,0,0,1,0
421,1,1,0,0,0,1,1
424,0,1,1,0,1,1,1
425,1,1,1,0,0,1,0
426,1,1,0,0,0,1,0
427,1,1,0,0,0,1,0
428,1,1,0,0,0,1,0
430,0,1,0,0,0,1,0
431,1,1,0,0,0,1,0
434,0,1,0,0,0,1,0
435,0,1,0,0,1,1,0
437,0,1,1,0,1,1,1
438,0,1,1,0,1,1,1
439,1,0,0,0,0,0,0
440,1,1,1,0,0,1,1
441,0,1,1,0,0,1,0
442,0,0,0,1,0,0,1
443,1,1,0,0,0,1,1
444,1,0,0,0,0,0,0
445,1,0,1,1,0,0,0
446,1,1,0,0,1,1,0
447,0,1,0,0,0,1,1
448,0,1,0,0,0,1,0
449,0,1,0,1,1,1,1
450,1,1,0,0,0,1,1
451,1,0,0,1,0,0,1
453,1,1,0,0,0,1,0
455,0,1,1,0,0,1,0
456,0,1,1,1,1,1,1
457,1,0,1,1,1,0,1
459,1,1,0,0,0,1,0
460,0,1,1,1,1,1,1
462,1,1,1,0,0,1,1
463,0,1,0,0,0,1,0
464,1,0,0,0,0,0,0
465,0,1,1,0,1,1,0
466,0,1,1,0,1,1,0
467,0,1,1,0,0,1,0
469,0,1,0,0,0,1,1
470,0,0,1,1,0,0,1
471,1,1,0,0,0,1,0
472,0,0,1,1,0,0,1
473,0,1,0,0,0,1,0
474,0,1,0,0,0,1,0
475,1,1,1,0,0,1,0
476,0,1,1,1,1,1,1
477,0,1,0,0,0,1,0
478,0,0,1,1,0,0,0
479,1,1,0,0,0,1,1
480,1,1,0,0,1,1,0
482,0,1,0,1,1,1,1
483,1,1,0,1,1,1,0
484,0,1,0,0,1,1,1
485,1,1,0,0,0,1,0
486,0,1,1,1,1,1,0
488,0,1,0,0,0,1,0
490,1,1,0,0,0,1,1
491,1,1,0,0,1,1,1
492,1,1,0,0,0,1,1
493,1,1,0,0,0,1,0
494,0,1,1,1,1,1,1
495,1,0,0,0,0,0,0
496,1,0,0,1,0,0,0
500,0,1,0,0,0,1,0
501,1,0,1,1,0,0,0
502,0,1,0,0,0,1,0
505,1,0,1,1,0,0,0
506,0,0,0,1,0,0,0
507,0,1,1,0,0,1,1
508,0,1,1,1,0,1,1
509,0,1,0,0,0,1,0
510,0,0,1,1,1,0,1
511,0,1,0,0,0,1,0
513,0,1,1,0,0,1,0
514,1,1,1,0,1,1,1
515,1,1,0,0,0,1,0
516,1,1,0,0,0,1,0
517,0,1,1,1,1,1,1
518,1,1,0,0,0,1,0
519,0,0,1,1,0,0,1
520,0,1,1,0,0,1,1
521,1,1,0,0,0,1,0
522,1,1,0,0,0,1,1
523,0,1,0,0,1,1,0
524,0,1,0,0,1,1,1
525,1,0,1,1,0,0,0
526,0,0,1,1,0,0,0
527,1,0,1,1,0,0,1
528,0,1,0,0,0,1,0
529,0,1,0,0,0,1,0
530,0,1,1,0,1,1,1
532,0,0,1,1,0,0,1
533,1,1,1,0,0,1,1
534,1,1,1,1,1,1,0
535,1,1,1,0,0,1,0
536,1,0,1,1,0,0,1
537,0,1,0,0,0,1,0
538,0,1,1,1,1,1,1
539,1,1,0,0,0,1,1
541,0,1,0,0,0,1,1
542,1,1,0,0,0,1,1
543,0,0,0,1,0,0,0
544,0,0,1,1,0,0,0
545,0,1,0,0,0,1,0
546,0,1,1,0,1,1,1
547,0,1,1,0,1,1,0
548,1,1,1,0,0,1,0
549,1,1,0,0,0,1,1
550,0,1,1,1,0,1,1
551,0,0,0,1,0,0,1
552,0,1,1,0,1,1,1
553,1,1,0,0,0,1,1
554,0,1,1,1,1,1,1
555,0,1,1,1,1,1,0
556,0,0,1,1,0,0,0
557,0,1,1,0,0,1,1
559,0,1,0,0,0,1,1
560,0,1,0,0,0,1,0
561,0,1,0,0,0,1,0
562,1,1,0,0,0,1,0
564,0,0,1,1,0,0,0
565,0,1,0,0,1,1,0
568,0,1,0,0,0,1,0
569,1,1,0,0,0,1,0
570,0,1,0,0,0,1,0
571,0,1,1,0,0,1,1
572,0,1,1,1,1,1,1
573,0,0,1,1,0,0,0
574,1,1,0,0,0,1,0
575,1,1,1,0,1,1,1
577,0,0,1,1,0,0,1
578,0,1,0,0,0,1,0
580,1,1,0,0,0,1,1
581,0,1,1,0,1,1,0
582,0,1,1,0,0,1,0
583,0,1,1,1,1,1,1
584,1,1,0,0,0,1,0
585,0,1,0,0,0,1,1
586,1,1,1,0,0,1,1
587,0,1,1,0,1,1,1
588,0,1,0,0,0,1,0
589,0,0,1,0,0,0,0
590,0,1,0,0,0,1,0
591,0,1,0,0,0,1,0
592,0,1,0,1,1,1,0
593,0,1,1,0,1,1,1
594,0,1,1,1,1,1,1
595,1,1,0,0,0,1,0
596,1,1,0,0,1,1,1
597,1,1,0,0,0,1,0
598,0,1,0,0,0,1,0
600,1,1,1,0,0,1,0
601,0,0,1,0,0,0,1
602,0,1,1,1,1,1,1
603,0,1,0,0,0,1,0
604,0,0,1,1,0,0,0
605,1,1,0,0,0,1,1
606,1,1,0,0,0,1,0
607,1,1,0,0,0,1,1
609,1,0,0,1,0,0,0
610,1,1,0,0,0,1,1
611,1,1,0,0,0,1,0
612,1,0,0,1,0,0,0
614,0,0,1,1,0,0,0
615,1,1,0,0,0,1,0
616,1,0,0,1,0,0,1
617,0,1,0,0,0,1,1
618,0,1,1,1,0,1,1
619,0,1,1,0,0,1,0
620,0,0,1,1,1,0,1
621,0,0,1,1,0,0,0
622,0,1,0,0,0,1,0
623,0,0,0,0,0,0,0
624,0,1,1,1,1,1,0
625,0,1,1,0,1,1,1
626,0,0,0,0,0,0,0
627,1,0,1,1,0,0,0
629,1,1,1,1,1,1,1
630,0,0,1,1,0,0,1
631,1,1,0,0,0,1,0
632,0,1,1,1,1,1,1
633,0,1,1,1,0,1,0
634,0,1,0,0,1,1,0
635,0,1,1,0,1,1,0
636,0,1,1,0,0,1,0
637,0,0,1,1,0,0,1
638,0,1,1,0,0,1,0
639,0,0,1,1,0,0,1
640,0,1,1,1,0,1,1
641,0,1,1,0,1,1,1
644,1,0,1,1,0,0,1
645,0,0,0,0,0,0,0
647,0,1,0,0,0,1,0
648,0,0,1,1,0,0,0
649,0,1,1,0,1,1,1
650,0,1,1,1,1,1,0
652,0,1,1,1,0,1,1
653,0,1,0,0,0,1,0
656,0,1,0,0,0,1,0
657,0,1,1,0,1,1,1
658,1,1,0,0,0,1,0
659,1,1,0,0,0,1,0
660,0,1,0,0,0,1,0
661,0,1,1,0,0,1,0
662,1,0,0,1,0,0,1
663,1,0,1,1,0,0,1
664,1,0,0,1,0,0,1
665,0,1,1,1,1,1,0
666,1,1,1,0,0,1,0
668,0,1,1,0,0,1,0
669,1,1,0,0,0,1,0
670,0,0,1,1,0,0,1
671,1,1,0,0,0,1,0
672,0,0,1,0,0,0,1
673,0,1,1,1,1,1,1
675,0,1,0,0,0,1,0
677,1,0,0,1,0,0,0
678,0,0,1,0,0,0,1
679,0,1,0,0,0,1,0
681,1,1,1,1,0,1,0
682,0,1,0,0,0,1,1
683,0,1,0,0,0,1,0
684,0,1,0,0,0,1,0
686,0,1,1,1,1,1,1
687,0,0,0,0,0,0,1
688,0,1,1,0,1,1,0
689,0,0,0,0,0,0,0
690,1,1,0,0,1,1,0
691,0,1,1,1,1,1,1
692,0,1,1,0,0,1,0
693,1,1,0,0,0,1,1
694,0,1,1,1,1,1,1
695,0,1,1,1,1,1,0
696,1,1,0,0,0,1,1
698,1,1,0,0,0,1,0
699,1,1,0,1,0,1,0
700,0,1,1,1,0,1,1
701,0,0,0,0,0,0,0
702,1,1,0,0,0,1,0
703,0,1,1,1,1,1,1
706,0,1,1,0,1,1,0
707,0,1,1,1,0,1,1
708,0,1,1,1,1,1,1
709,0,0,1,1,0,0,1
710,0,1,1,0,1,1,1
711,1,1,0,0,1,1,1
712,0,1,1,1,0,1,1
713,0,1,0,0,0,1,0
714,1,1,0,0,0,1,0
715,0,1,0,1,0,1,1
716,0,1,0,1,0,1,0
717,0,1,1,0,1,1,1
719,1,1,0,0,0,1,0
720,0,0,1,1,0,0,1
721,1,1,1,0,0,1,1
722,1,1,0,0,0,1,1
723,0,0,1,1,0,0,0
724,0,0,1,1,0,0,1
725,1,0,0,0,0,0,1
726,0,1,1,1,0,1,1
727,1,1,0,0,0,1,0
728,0,0,1,0,1,0,1
729,1,1,0,0,0,1,0
730,1,1,0,0,0,1,0
731,0,0,1,1,1,0,0
732,1,0,1,1,0,0,0
733,0,0,0,1,0,0,1
734,0,1,1,0,1,1,0
735,0,1,0,0,1,1,1
736,1,0,1,1,0,0,0
737,0,1,1,1,0,1,1
738,0,1,1,1,1,1,1
739,0,0,0,1,0,0,0
740,0,1,1,1,1,1,1
742,0,1,0,0,0,1,0
743,1,1,0,0,0,1,0
744,0,1,0,0,0,1,0
745,0,0,1,1,0,0,0
746,0,1,0,0,0,1,0
747,1,0,1,1,0,0,1
748,1,1,0,0,0,1,0
749,0,0,1,1,1,0,1
751,0,1,0,0,0,1,0
752,1,1,0,0,0,1,0
753,0,1,1,0,0,1,0
755,0,1,0,0,0,1,0
756,1,0,0,1,0,0,1
757,0,1,1,0,0,1,0
758,1,1,0,0,0,1,1
759,0,1,1,0,0,1,0
761,0,1,1,1,1,1,1
762,1,1,1,1,0,1,1
763,1,1,0,0,0,1,1
766,0,1,1,0,0,1,1
767,0,1,0,0,0,1,1
768,0,1,0,0,1,1,1
770,1,1,0,0,0,1,0
771,0,1,0,0,0,1,1
772,1,1,0,0,0,1,0
773,1,1,0,0,0,1,0
774,1,0,0,0,0,0,0
777,0,1,1,0,1,1,1
778,0,0,1,1,0,0,1
779,0,1,0,0,0,1,1
780,0,1,0,0,0,1,0
781,1,1,1,0,0,1,0
782,0,1,0,0,0,1,1
783,1,1,0,0,0,1,1
784,0,1,0,0,0,1,1
785,0,0,1,1,0,0,1
786,0,1,1,1,1,1,1
787,0,1,1,0,0,1,0
788,1,1,0,0,0,1,0
789,0,1,0,0,0,1,0
790,0,1,1,1,1,1,1
791,0,1,0,0,0,1,0
795,1,1,0,0,0,1,0
797,0,1,1,1,1,1,1
798,0,0,1,1,0,0,0
799,0,1,1,1,1,1,1
801,1,1,1,0,0,1,0
802,0,0,1,1,0,0,0
803,0,1,0,0,0,1,1
804,0,0,1,1,1,0,1
805,1,1,1,1,0,1,0
806,1,0,0,1,0,0,0
807,0,1,1,0,0,1,1
808,0,1,1,0,0,1,1
809,0,1,1,1,1,1,1
810,1,1,0,0,0,1,0
811,1,1,0,0,1,1,0
812,1,0,0,1,0,0,0
813,1,0,1,1,0,0,1
814,0,1,0,0,0,1,0
815,0,1,1,1,1,1,1
816,1,0,0,1,0,0,0
818,0,0,1,1,0,0,1
820,0,1,1,0,1,1,1
821,0,1,1,1,1,1,1
822,0,1,1,0,0,1,1
823,1,0,1,1,0,0,1
824,0,1,0,0,0,1,1
825,0,0,0,1,0,0,0
826,0,1,0,0,1,1,1
827,0,1,0,0,0,1,0
828,0,0,1,1,1,0,0
829,0,1,0,0,0,1,0
830,1,1,1,1,1,1,1
831,0,0,1,1,0,0,1
833,0,1,0,0,0,1,1
834,0,1,0,0,0,1,0
835,0,0,1,1,0,0,1
836,1,1,0,0,1,1,0
837,0,1,1,1,1,1,1
838,1,1,0,0,0,1,0
839,0,0,1,1,0,0,1
840,0,0,0,0,0,0,0
842,0,1,0,0,0,1,0
843,0,1,1,0,1,1,1
844,0,1,0,0,1,1,0
846,1,0,1,1,0,0,0
847,0,0,1,1,0,0,0
848,0,1,0,0,1,1,0
852,0,1,1,0,0,1,0
853,0,1,1,0,0,1,0
855,1,1,0,0,1,1,0
856,0,1,1,1,0,1,0
857,0,1,1,1,0,1,0
858,0,1,1,0,1,1,1
859,0,1,1,1,1,1,1
860,0,1,1,0,0,1,0
861,0,1,1,1,1,1,1
862,1,1,0,0,0,1,0
865,0,1,0,0,0,1,0
866,1,0,0,1,0,0,0
869,0,1,0,0,1,1,0
870,0,1,1,0,1,1,1
872,0,1,1,1,1,1,1
873,1,1,0,0,0,1,0
874,0,1,0,1,0,1,0
875,0,1,0,0,0,1,1
876,0,1,1,1,1,1,1
877,0,1,0,0,0,1,0
878,1,1,0,0,0,1,0
879,1,1,0,0,1,1,0
881,1,1,0,0,0,1,0
882,0,1,1,1,0,1,1
883,0,1,0,0,0,1,1
884,1,1,0,0,0,1,0
885,0,0,1,1,0,0,0
886,0,1,1,0,1,1,1
887,0,1,0,0,0,1,1
888,0,1,0,0,0,1,0
889,1,1,0,0,0,1,0
890,1,1,0,0,0,1,1
891,0,1,0,0,0,1,0
892,0,1,1,0,0,1,1
894,0,1,1,1,0,1,0
895,0,1,1,1,0,1,1
896,1,1,1,0,1,1,1
897,0,1,0,0,0,1,0
898,0,1,0,0,0,1,0
899,1,1,0,0,0,1,0
901,1,1,0,0,0,1,0
902,0,1,0,0,0,1,0
903,0,1,1,0,1,1,0
904,0,0,1,1,1,0,1
905,0,0,1,1,0,0,1
906,0,1,0,0,0,1,1
907,0,1,1,0,0,1,0
908,1,1,1,0,0,1,0
909,1,1,0,0,0,1,1
910,0,1,1,1,1,1,1
911,1,1,0,0,0,1,0
912,0,1,0,0,0,1,0
913,0,1,0,0,1,1,1
915,1,1,0,0,0,1,0
916,1,1,1,0,0,1,0
917,1,1,0,0,0,1,0
918,0,0,1,1,0,0,1
920,1,1,0,0,0,1,0
921,0,1,0,0,0,1,1
922,1,1,0,0,0,1,0
923,1,1,1,0,1,1,0
924,0,0,0,0,0,0,1
926,0,1,0,0,0,1,0
928,0,1,1,1,1,1,1
929,1,1,1,0,0,1,0
930,1,0,1,1,0,0,1
931,0,1,1,1,1,1,0
932,1,1,1,1,1,1,1
933,0,0,1,1,0,0,1
934,0,0,1,1,0,0,0
935,1,1,0,1,1,1,0
936,0,1,0,0,1,1,0
937,1,1,0,0,0,1,0
938,1,0,1,1,0,0,0
940,0,0,1,0,0,0,1
941,1,1,0,0,0,1,1
942,1,1,1,1,0,1,0
943,1,1,0,0,0,1,0
945,1,0,0,0,0,0,0
946,1,1,0,0,0,1,0
947,0,1,0,0,0,1,1
948,0,1,1,0,1,1,1
949,0,1,1,1,0,1,1
950,0,0,0,0,0,0,0
951,0,1,1,1,1,1,1
952,1,1,0,0,0,1,0
953,1,1,0,0,0,1,0
954,0,1,1,0,1,1,1
955,0,1,1,1,1,1,1
956,0,1,1,1,1,1,1
957,0,1,0,0,0,1,1
958,0,1,0,0,0,1,0
959,0,1,0,0,0,1,1
960,0,1,0,0,1,1,0
961,1,1,1,0,1,1,0
962,1,1,0,0,0,1,0
963,0,0,1,1,0,0,0
964,0,1,1,1,1,1,0
966,1,1,0,0,0,1,1
967,1,1,0,0,0,1,0
968,1,0,0,1,0,0,1
969,1,1,1,0,0,1,0
970,1,1,0,0,0,1,0
971,0,0,1,1,0,0,0
972,1,1,0,0,0,1,0
973,1,1,1,0,0,1,1
974,1,1,0,0,0,1,0
975,0,1,0,0,0,1,0
976,0,0,0,0,0,0,1
978,1,0,0,0,0,0,0
979,0,0,1,1,0,0,1
980,0,1,1,0,0,1,0
981,1,1,0,0,0,1,0
983,0,1,1,1,1,1,0
984,0,0,1,1,0,0,0
986,0,1,1,0,1,1,1
988,0,1,0,0,0,1,0
990,0,0,0,1,0,0,1
991,0,1,1,1,0,1,1
992,0,1,1,0,0,1,0
993,0,0,0,0,0,0,0
994,1,1,0,0,0,1,0
995,0,1,1,0,0,1,1
996,1,1,1,0,0,1,1
1000,1,1,1,1,1,1,1
1001,0,1,0,1,1,1,1
1003,0,1,0,0,0,1,0
1004,1,1,0,0,0,1,0
1005,1,1,0,0,0,1,1
1007,1,1,1,0,0,1,0
1008,0,0,1,1,0,0,1
1010,1,1,0,1,0,1,0
1011,1,1,0,0,0,1,0
1013,1,1,1,0,1,1,1
1014,0,1,0,0,0,1,0
1015,0,1,0,0,0,1,0
1016,1,1,0,0,0,1,1
1017,0,1,1,1,1,1,1
1018,0,1,1,1,0,1,1
1019,0,1,1,1,1,1,1
1020,1,1,0,0,0,1,0
1021,0,1,0,0,0,1,0
1022,0,1,0,0,0,1,0
1023,1,0,1,1,0,0,1
1024,0,1,1,0,0,1,1
1025,0,1,0,0,0,1,1
1026,0,1,1,0,0,1,1
1027,0,1,0,0,0,1,0
1028,1,1,0,0,0,1,0
1030,0,0,1,1,0,0,0
1031,1,1,0,0,0,1,0
1032,0,0,0,1,0,0,0
1033,0,1,1,1,0,1,1
1034,0,1,0,0,0,1,0
1035,1,1,0,0,0,1,0
1036,0,0,1,1,0,0,1
1037,0,0,1,1,0,0,0
1041,0,1,0,0,1,1,0
1042,0,1,1,0,1,1,0
1043,0,1,0,0,0,1,1
1044,1,0,1,0,0,0,0
1045,0,1,0,0,0,1,1
1046,0,1,1,1,0,1,1
1047,1,0,1,1,0,0,1
1049,1,1,0,0,0,1,1
1050,0,1,0,0,0,1,0
1052,1,1,0,0,0,1,0
1053,0,0,0,1,0,0,1
1054,1,0,1,1,0,0,1
1055,1,1,0,0,0,1,0
1056,1,1,0,0,0,1,1
1057,0,0,0,1,0,0,0
1058,0,0,1,1,0,0,0
1059,0,1,1,0,0,1,1
1060,1,1,0,0,0,1,0
1061,1,1,0,0,0,1,1
1062,1,1,1,1,1,1,1
1063,0,0,1,1,0,0,1
1065,1,1,0,0,1,1,0
1066,0,1,0,0,0,1,1
1069,1,1,0,0,0,1,0
1070,1,1,0,0,0,1,0
1071,1,1,1,0,0,1,0
1072,1,0,0,1,0,0,1
1073,0,1,0,0,0,1,0
1074,1,1,0,0,0,1,0
1075,0,0,0,0,0,0,1
1076,0,1,0,0,0,1,0
1077,1,1,0,0,0,1,0
1079,0,0,0,1,0,0,0
1080,0,0,1,1,0,0,0
1082,1,1,0,0,0,1,1
1085,1,1,0,0,0,1,0
1086,1,1,1,0,0,1,1
1087,0,1,1,1,1,1,1
1089,0,1,0,0,0,1,0
1091,0,1,1,0,0,1,0
1092,1,1,0,0,0,1,0
1093,0,1,0,0,0,1,0
1095,1,0,1,0,1,0,1
1097,0,1,0,0,0,1,0
1098,1,1,0,0,0,1,0
1099,0,1,0,0,1,1,1
1100,1,1,1,0,0,1,1
1101,1,1,1,1,1,1,1
1102,1,1,0,0,1,1,1
1103,0,1,0,0,0,1,0
1104,1,1,1,0,1,1,0
1105,0,0,1,1,0,0,1
1106,0,1,0,0,0,1,1
1107,0,1,0,0,0,1,0
1108,1,1,0,0,0,1,0
1111,1,1,1,0,1,1,0
1112,0,1,0,0,0,1,1
1113,0,1,1,0,0,1,1
1114,0,1,0,0,0,1,0
1115,1,1,0,0,0,1,0
1116,0,1,0,0,0,1,1
1117,0,1,0,0,0,1,0
1120,0,1,0,0,0,1,0
1122,1,0,0,0,0,0,0
1123,0,0,1,1,0,0,1
1124,1,1,1,0,0,1,1
1125,1,1,0,0,0,1,0
1126,0,0,1,1,0,0,0
1127,1,1,0,0,0,1,0
1128,0,0,1,1,1,0,0
1129,0,1,0,0,1,1,0
1130,0,1,1,1,1,1,1
1131,0,0,1,1,0,0,1
1133,0,1,0,0,0,1,1
1134,0,1,0,0,0,1,0
1136,0,1,1,0,1,1,1
1137,1,1,0,0,0,1,0
1138,1,1,0,0,1,1,0
1139,0,0,0,1,0,0,0
1140,0,1,1,1,0,1,0
1141,0,1,1,1,1,1,1
1143,1,0,1,0,0,0,0
1144,0,1,1,1,1,1,1
1145,0,1,1,0,0,1,0
1146,1,1,1,0,0,1,1
1147,0,1,0,0,0,1,0
1148,0,0,1,1,0,0,1
1149,0,0,1,1,0,0,1
1150,0,1,0,0,0,1,0
1151,0,0,0,1,0,0,0
1152,1,1,0,0,0,1,0
1153,0,1,0,0,0,1,0
1154,1,1,0,0,0,1,0
1155,1,1,1,0,1,1,1
1156,1,1,0,0,0,1,0
1157,0,1,0,0,0,1,0
1158,1,1,0,0,0,1,0
1159,1,1,0,0,1,1,1
1160,0,1,0,1,0,1,1
1162,0,0,1,1,0,0,1
1164,1,1,1,0,0,1,0
1165,0,0,1,1,0,0,0
1166,0,1,0,0,0,1,0
1167,0,0,1,1,0,0,1
1168,1,1,0,0,0,1,0
1169,0,1,1,0,0,1,0
1170,0,1,0,0,0,1,0
1171,1,1,1,1,0,1,1
1172,1,1,0,0,1,1,0
1173,0,1,0,0,0,1,1
1174,0,0,0,1,0,0,0
1175,1,1,0,0,0,1,1
1176,0,1,1,0,0,1,0
1179,0,0,1,1,0,0,0
1180,0,1,1,1,1,1,1
1181,1,1,0,0,0,1,0
1182,1,1,0,0,0,1,1
1183,1,1,0,0,0,1,1
1184,0,1,0,0,0,1,0
1185,0,1,1,0,1,1,1
1186,0,1,0,0,0,1,1
1187,0,1,1,1,0,1,1
1188,1,1,0,0,0,1,1
1189,0,1,0,0,0,1,0
1190,0,0,1,1,0,0,1
1192,1,1,1,0,0,1,1
1193,0,0,0,0,0,0,1
1194,1,1,0,0,0,1,0
1195,1,1,0,0,0,1,0
1196,0,1,0,0,0,1,0
1197,1,1,0,0,0,1,0
1198,0,1,0,0,0,1,1
1199,0,1,1,0,1,1,1
1201,1,1,0,0,0,1,0
1202,0,0,1,1,0,0,0
1203,0,0,1,1,0,0,0
1204,1,1,0,0,0,1,1
1205,0,1,0,0,0,1,1
1206,0,1,0,0,1,1,0
1208,0,1,1,1,1,1,1
1209,0,1,1,0,0,1,1
1210,0,1,0,0,0,1,0
1211,1,0,1,0,1,0,1
1212,1,1,0,0,0,1,1
1213,0,0,0,1,0,0,1
1214,1,1,0,0,1,1,1
1215,0,1,0,0,0,1,0
1216,0,1,1,1,1,1,1
1217,0,1,0,0,0,1,0
1218,1,1,0,0,0,1,0
1219,1,1,0,0,0,1,0
1220,0,0,1,1,0,0,0
1221,0,1,1,1,0,1,0
1222,0,1,1,1,1,1,1
1223,0,1,1,1,0,1,1
1225,0,0,1,0,1,0,1
1226,0,0,1,1,0,0,1
1227,0,1,0,0,0,1,0
1228,1,1,0,0,0,1,0
1229,0,1,0,0,0,1,0
1230,0,1,0,0,1,1,1
1231,1,1,0,0,0,1,1
1232,0,1,0,0,0,1,0
1234,1,0,1,1,0,0,0
1235,1,1,1,1,0,1,1
1236,0,0,0,1,0,0,1
1237,0,0,1,1,1,0,1
1238,1,0,1,1,0,0,1
1240,1,1,1,1,1,1,0
1241,0,1,0,0,0,1,1
1242,0,0,1,0,0,0,0
1243,1,1,1,0,1,1,0
1244,0,1,1,1,1,1,1
1245,1,1,1,0,0,1,0
1246,0,0,1,1,0,0,0
1247,0,1,1,1,1,1,1
1248,0,0,1,1,0,0,0
1249,0,1,1,1,1,1,1
1251,1,1,0,0,0,1,0
1252,1,0,1,1,0,0,1
1253,0,1,0,0,1,1,0
1254,0,1,0,0,0,1,0
1255,0,0,0,0,0,0,1
1257,1,1,1,0,1,1,0
1258,1,1,0,0,1,1,1
1260,1,1,1,1,1,1,1
1261,1,1,0,0,0,1,1
1262,0,1,1,0,0,1,0
1264,0,1,1,1,1,1,1
1265,1,1,0,0,0,1,0
1266,0,1,0,0,1,1,0
1268,0,1,1,1,1,1,1
1269,1,0,1,1,0,0,1
1270,0,1,0,0,0,1,1
1271,1,1,0,0,0,1,0
1272,1,1,0,0,0,1,0
1273,1,1,0,0,0,1,0
1274,1,0,0,0,0,0,0
1275,1,0,1,1,1,0,1
1276,1,1,1,0,0,1,1
1277,1,1,1,1,1,1,1
1278,1,1,0,0,0,1,0
1279,1,1,0,0,0,1,0
1280,1,1,1,0,1,1,0
1282,0,1,0,0,0,1,0
1284,1,1,0,0,0,1,0
1285,0,1,1,0,1,1,1
1286,1,0,1,1,0,0,1
1287,0,0,0,0,0,0,1
1288,0,1,1,1,1,1,1
1289,0,1,1,1,1,1,0
1291,0,1,1,1,1,1,0
1292,0,1,1,0,1,1,1
1294,0,1,1,1,1,1,1
1295,1,1,0,0,0,1,0
1297,0,1,1,1,0,1,1
1298,0,0,1,1,0,0,1
1300,0,1,1,1,1,1,0
1301,1,1,0,0,0,1,0
1302,0,0,1,1,0,0,1
1303,0,1,1,0,0,1,0
1304,0,1,1,1,1,1,1
1305,0,1,0,0,0,1,0
1306,1,1,0,0,0,1,0
1307,0,0,0,0,0,0,1
1308,0,0,0,1,0,0,1
1309,1,1,0,0,1,1,1
1310,1,1,0,0,0,1,1
1311,1,1,0,0,1,1,0
1312,1,1,0,0,0,1,0
1314,0,1,0,0,0,1,0
1315,1,1,0,0,0,1,0
1316,0,1,1,0,0,1,0
1317,0,0,0,1,0,0,0
1318,0,1,1,1,1,1,1
1320,0,1,1,0,1,1,1
1322,0,0,1,1,0,0,1
1323,0,1,0,0,0,1,1
1324,1,0,1,1,0,0,1
1326,0,1,0,0,0,1,0
1327,0,1,1,1,1,1,1
1328,0,1,0,0,1,1,1
1329,0,0,0,1,0,0,0
1330,1,1,1,0,0,1,1
1331,1,1,0,0,0,1,0
1332,1,1,0,0,0,1,0
1334,0,1,1,0,1,1,0
1335,0,1,0,0,0,1,0
1336,0,1,1,0,1,1,1
1337,0,0,0,0,0,0,0
1338,0,1,0,0,0,1,0
1340,1,1,0,0,0,1,0
1342,0,1,1,0,1,1,0
1343,1,1,0,0,1,1,0
1345,1,1,0,0,0,1,0
1346,1,1,0,0,0,1,1
1347,0,1,0,0,0,1,0
1348,1,1,1,0,1,1,1
1349,0,1,1,1,1,1,1
1350,1,1,0,0,0,1,0
1351,0,1,0,0,1,1,1
1352,1,0,0,1,0,0,0
1353,0,1,0,0,0,1,0
1356,0,0,1,1,1,0,1
1358,0,1,1,0,0,1,0
1359,0,1,1,0,1,1,1
1360,1,0,0,0,0,0,1
1361,0,0,1,1,0,0,1
1362,1,1,0,0,0,1,0
1363,1,1,1,0,1,1,1
1365,1,1,1,0,1,1,0
1367,0,1,1,0,0,1,0
1368,1,1,0,0,0,1,1
1369,0,1,1,1,1,1,0
1370,0,1,1,1,0,1,0
1371,0,1,1,0,1,1,0
1372,0,1,1,0,1,1,1
1374,0,1,1,0,1,1,1
1375,1,1,1,1,1,1,1
1376,0,1,0,0,0,1,0
1377,0,1,1,0,1,1,1
1378,0,1,0,0,0,1,0
1379,0,1,0,0,0,1,0
1380,1,1,0,0,0,1,0
1381,0,1,0,0,0,1,0
1382,1,1,1,0,1,1,0
1383,0,1,1,1,0,1,1
1384,1,1,0,0,0,1,1
1386,0,1,1,0,1,1,1
1387,1,1,1,0,1,1,1
1388,0,0,1,1,0,0,1
1389,1,0,1,1,0,0,0
1391,1,1,0,0,0,1,0
1392,1,1,1,0,0,1,1
1393,0,0,0,0,0,0,0
1395,0,1,1,0,1,1,1
1396,1,0,0,0,0,0,1
1397,0,1,1,0,1,1,0
1398,0,0,1,1,0,0,1
1400,0,1,1,0,1,1,1
1401,0,0,1,1,1,0,1
1402,0,1,1,1,1,1,1
1403,0,1,1,1,1,1,0
1404,0,0,0,1,0,0,0
1405,0,1,1,1,1,1,1
1406,0,0,1,0,0,0,0
1407,0,1,0,0,1,1,0
1409,1,1,0,0,0,1,0
1410,1,1,0,0,0,1,0
1411,0,1,0,0,0,1,1
1412,0,0,1,1,0,0,1
1413,0,1,1,1,1,1,0
1414,1,0,1,1,0,0,1
1415,1,1,0,0,0,1,1
1416,0,1,1,1,1,1,0
1417,0,1,0,0,0,1,0
1418,1,1,0,0,0,1,0
1419,1,0,0,1,0,0,0
1420,1,1,0,0,0,1,0
1421,0,1,1,0,1,1,0
1422,1,1,1,1,1,1,1
1423,0,1,0,0,0,1,0
1424,0,1,1,0,0,1,1
1425,0,1,0,0,0,1,0
1426,1,1,0,0,1,1,0
1427,0,0,1,1,0,0,0
1428,1,0,1,1,0,0,1
1429,1,1,1,0,0,1,1
1432,0,1,1,0,0,1,0
1433,1,1,1,0,0,1,0
1434,0,1,1,0,1,1,1
1435,1,1,0,0,0,1,0
1436,0,0,1,1,0,0,1
1437,0,1,1,0,0,1,1
1438,1,1,1,0,0,1,1
1439,1,0,1,1,0,0,0
1440,1,1,1,0,0,1,1
1441,1,0,1,1,0,0,1
1443,0,1,0,0,0,1,0
1444,1,1,0,0,0,1,0
1445,1,1,0,0,0,1,0
1446,0,0,1,1,0,0,0
1447,1,1,0,0,0,1,0
1450,0,0,1,0,0,0,1
1451,1,1,0,0,0,1,1
1452,0,1,1,0,0,1,0
1453,0,1,0,0,0,1,0
1455,0,1,0,0,1,1,0
1456,0,1,1,0,1,1,1
1457,0,1,1,1,1,1,0
1458,1,1,0,0,0,1,0
1459,0,1,0,0,0,1,1
1460,0,1,1,0,1,1,0
1461,0,1,0,0,0,1,0
1462,0,1,0,0,0,1,0
1463,1,1,0,0,0,1,0
1464,1,1,0,0,1,1,0
1465,0,1,0,0,0,1,0
1467,0,1,1,1,1,1,1
1468,0,1,0,0,0,1,0
1469,0,1,1,1,1,1,1
1470,1,1,1,0,0,1,1
1471,0,1,0,0,1,1,0
1472,0,1,0,0,0,1,1
1473,0,1,1,1,1,1,0
1474,1,1,0,0,0,1,0
1475,0,1,1,1,1,1,1
1476,1,1,1,0,1,1,1
1477,1,1,1,0,1,1,1
1478,1,0,0,0,0,0,0
1479,0,1,0,0,0,1,0
1482,1,1,0,0,0,1,0
1483,1,1,0,0,0,1,1
1484,1,1,0,0,0,1,0
1485,0,1,0,0,0,1,0
1486,0,1,0,0,0,1,0
1487,0,1,1,0,0,1,0
1488,0,0,0,1,0,0,0
1489,1,1,0,0,0,1,0
1490,1,1,0,0,0,1,0
1491,0,1,1,1,0,1,1
1492,1,0,1,0,0,0,0
1493,1,1,0,0,0,1,0
1494,0,1,1,1,1,1,1
1495,0,1,1,1,1,1,1
1496,0,0,0,0,0,0,0
1497,1,1,0,0,0,1,1
1498,1,0,1,1,0,0,0
1499,0,0,0,1,0,0,0
1500,1,1,0,0,0,1,0
1501,0,1,1,0,0,1,0
1502,0,1,0,0,0,1,0
1503,0,1,0,0,0,1,0
1504,1,1,0,0,0,1,0
1505,0,0,1,1,0,0,0
1506,1,1,0,0,0,1,0
1507,0,1,0,0,0,1,1
1508,0,1,0,0,0,1,0
1509,1,1,0,0,0,1,1
1510,0,1,0,0,0,1,0
1512,0,1,0,0,0,1,0
1513,1,1,0,0,0,1,1
1514,0,0,0,1,0,0,0
1515,0,1,1,0,0,1,0
1516,0,1,0,0,0,1,1
1517,0,1,1,1,1,1,0
1518,1,1,0,0,0,1,1
1519,1,1,0,0,0,1,0
1521,1,1,1,1,1,1,1
1522,0,1,0,0,0,1,1
1523,0,0,0,0,0,0,1
1527,0,1,1,1,0,1,1
1528,1,1,0,0,1,1,1
1531,0,1,1,1,1,1,1
1532,0,1,1,1,1,1,1
1533,0,1,1,1,1,1,1
1535,1,1,1,0,0,1,0
1536,1,1,0,0,0,1,1
1537,1,1,0,0,0,1,0
1538,0,1,1,0,1,1,0
1539,0,1,1,0,1,1,0
1541,1,1,1,0,0,1,0
1542,0,1,1,0,1,1,1
1543,1,1,1,1,0,1,0
1544,0,1,0,0,0,1,0
1545,1,1,1,0,1,1,0
1546,0,1,1,0,0,1,0
1547,0,0,1,1,0,0,1
1548,1,1,0,0,0,1,0
1549,0,1,0,0,0,1,0
1550,0,1,1,1,1,1,1
1551,1,1,0,0,0,1,1
1553,1,1,0,0,0,1,0
1554,0,0,1,1,0,0,1
1555,0,1,1,0,1,1,1
1556,1,1,1,0,1,1,1
1557,1,1,1,0,1,1,0
1558,0,1,0,0,0,1,0
1559,1,1,0,0,0,1,0
1560,0,1,1,1,1,1,1
1561,0,1,0,1,0,1,0
1562,0,1,1,0,0,1,1
1563,1,1,0,0,0,1,0
1564,1,1,0,0,0,1,0
1565,0,1,1,1,1,1,0
1566,0,1,1,1,1,1,0
1567,1,1,0,1,0,1,1
1568,0,1,0,0,0,1,1
1569,0,0,1,0,0,0,0
1570,1,1,0,0,0,1,0
1571,0,1,0,0,1,1,1
1573,0,0,0,0,0,0,0
1574,1,1,0,0,1,1,1
1575,1,1,1,1,0,1,0
1576,0,0,1,1,0,0,1
1577,1,1,0,0,0,1,0
1578,1,1,0,0,0,1,0
1580,1,0,0,0,0,0,1
1581,0,0,1,1,0,0,1
1583,0,1,0,0,0,1,0
1585,0,1,0,0,0,1,0
1586,1,0,1,1,0,0,0
1587,0,0,0,1,0,0,1
1588,1,1,0,0,0,1,0
1590,1,1,1,1,1,1,1
1591,1,1,0,0,0,1,1
1592,1,0,1,1,0,0,1
1594,0,1,1,1,0,1,0
1595,0,1,1,1,1,1,1
1596,0,1,0,0,0,1,1
1597,0,1,1,1,1,1,0
1598,0,1,1,1,0,1,0
1599,1,1,1,0,1,1,1
1600,0,1,0,0,0,1,0
1601,0,1,1,1,0,1,1
1603,0,1,0,0,1,1,1
1604,0,0,0,1,0,0,1
1605,1,1,0,0,0,1,0
1607,0,0,1,1,0,0,1
1608,0,0,1,1,0,0,1
1609,1,1,1,1,1,1,1
1610,0,1,0,0,0,1,1
1611,0,1,1,1,1,1,1
1612,1,1,0,0,0,1,0
1613,1,1,0,0,1,1,0
1614,0,1,1,1,1,1,1
1615,0,1,1,1,1,1,1
1616,0,1,1,1,1,1,1
1617,0,1,0,0,0,1,0
1619,0,1,0,0,0,1,0
1620,0,1,1,1,0,1,0
1621,1,1,1,0,0,1,1
1622,1,1,0,0,0,1,0
1623,0,0,1,1,0,0,0
1624,0,1,1,1,1,1,1
1625,1,1,0,0,0,1,0
1626,0,0,1,1,0,0,1
1627,0,0,1,1,0,0,0
1628,1,1,0,0,0,1,0
1629,0,1,1,1,1,1,0
1630,0,1,1,1,0,1,0
1631,1,1,0,0,0,1,1
1632,1,1,0,0,0,1,0
1633,0,1,1,1,1,1,0
1636,0,0,0,0,0,0,1
1637,0,1,1,0,1,1,1
1638,0,1,0,0,0,1,0
1639,1,0,0,1,0,0,0
1640,0,1,1,1,1,1,1
1641,0,1,0,0,0,1,0
1642,0,1,0,0,0,1,0
1643,0,1,1,1,1,1,1
1644,0,1,0,0,0,1,1
1645,1,1,0,0,0,1,0
1646,0,1,0,0,0,1,0
1647,1,0,1,1,0,0,1
1648,0,1,0,0,0,1,0
1649,0,0,1,1,1,0,0
1650,1,1,0,0,0,1,0
1651,1,1,0,0,0,1,0
1652,0,1,0,0,0,1,0
1653,0,0,0,1,0,0,0
1654,1,0,0,1,0,0,0
1655,0,1,0,0,0,1,0
1656,1,1,1,0,1,1,0
1657,0,1,1,1,0,1,0
1658,0,1,1,1,0,1,1
1659,0,1,0,0,0,1,0
1660,1,1,0,0,0,1,0
1661,1,0,0,0,0,0,1
1663,0,1,0,0,0,1,1
1664,1,1,0,0,0,1,1
1666,0,1,0,0,0,1,0
1667,0,1,1,0,1,1,1
1668,0,1,1,1,1,1,0
1669,0,1,1,1,1,1,0
1670,0,1,1,0,1,1,1
1671,1,1,0,0,0,1,0
1672,0,1,0,0,1,1,0
1673,1,1,0,0,0,1,1
1674,1,1,0,0,0,1,0
1675,1,1,0,0,0,1,0
1676,0,1,0,0,0,1,1
1677,0,1,0,0,0,1,0
1680,0,1,1,1,1,1,1
1682,0,1,0,0,0,1,0
1683,0,1,1,0,1,1,1
1684,0,0,1,1,0,0,0
1685,1,1,0,0,0,1,0
1686,0,0,1,1,0,0,1
1687,1,1,0,0,0,1,1
1688,1,1,0,0,0,1,1
1689,0,1,1,0,0,1,0
1690,0,1,1,1,1,1,1
1691,0,1,1,1,0,1,0
1692,0,1,1,1,1,1,1
1693,0,1,1,0,0,1,0
1694,0,1,0,0,1,1,1
1695,0,1,1,1,0,1,1
1696,1,1,1,1,1,1,1
1697,0,1,0,0,1,1,0
1699,0,1,0,0,0,1,0
1700,1,1,0,0,0,1,0
1701,0,1,0,0,0,1,0
1703,1,1,0,0,0,1,1
1704,0,1,0,0,0,1,0
1705,1,1,0,0,0,1,1
1706,0,1,0,0,0,1,0
1707,0,1,0,0,0,1,0
1708,0,1,0,0,0,1,0
1709,0,1,0,0,0,1,0
1710,0,1,0,0,1,1,0
1711,0,1,0,0,0,1,0
1712,0,1,1,0,0,1,1
1713,0,1,1,0,0,1,0
1714,1,1,0,0,0,1,0
1715,0,1,0,0,0,1,0
1716,0,1,1,1,1,1,1
1717,0,1,1,0,1,1,0
1718,1,1,0,0,0,1,0
1719,1,1,0,0,0,1,0
1720,1,1,0,0,0,1,0
1721,0,1,0,0,0,1,0
1722,0,1,0,0,1,1,0
1723,0,0,1,1,0,0,0
1725,0,1,1,0,0,1,1
1726,0,0,0,0,0,0,0
1727,0,1,1,1,0,1,0
1728,1,0,1,0,0,0,0
1729,0,1,1,1,1,1,1
1730,0,1,0,0,0,1,0
1731,0,1,0,0,0,1,0
1733,1,1,0,0,0,1,0
1734,1,0,0,1,0,0,1
1735,0,1,1,0,0,1,0
1738,0,0,1,1,0,0,1
1739,0,0,1,1,0,0,1
1740,0,1,0,0,0,1,0
1742,1,1,0,0,0,1,0
1743,0,1,0,0,0,1,0
1746,0,0,0,1,0,0,1
1747,1,1,0,0,0,1,0
1748,1,1,1,1,0,1,0
1749,0,1,1,0,1,1,1
1751,0,1,1,0,1,1,1
1753,1,1,1,0,1,1,0
1754,1,1,0,0,0,1,0
1757,1,1,0,0,0,1,0
1758,1,0,0,1,0,0,0
1759,0,1,1,1,0,1,0
1760,1,1,0,0,0,1,0
1761,0,0,1,1,0,0,1
1763,1,1,1,1,1,1,1
1764,1,1,0,0,0,1,0
1765,0,1,1,0,1,1,1
1766,1,1,1,0,0,1,1
1767,1,0,0,1,0,0,1
1768,0,1,1,1,0,1,1
1769,1,1,0,0,0,1,0
1770,0,1,1,0,0,1,1
1772,1,1,0,0,0,1,1
1773,0,1,1,0,0,1,0
1774,1,0,1,1,1,0,1
1775,1,0,1,1,0,0,1
1776,0,1,1,0,0,1,0
1777,0,1,0,0,0,1,1
1779,0,0,0,1,0,0,0
1780,0,1,0,0,0,1,0
1781,1,1,0,0,0,1,0
1784,0,1,0,0,0,1,1
1785,1,0,1,1,0,0,0
1786,1,1,0,0,0,1,0
1787,0,1,1,1,1,1,0
1789,0,1,0,0,0,1,0
1790,0,0,1,1,0,0,0
1791,0,1,1,0,0,1,1
1793,1,1,0,0,0,1,0
1794,1,1,0,0,0,1,0
1796,1,1,1,0,1,1,1
1797,0,0,1,1,0,0,1
1798,0,1,1,1,0,1,0
1799,1,1,1,0,0,1,1
1800,1,1,1,1,0,1,0
1801,0,1,0,0,0,1,0
1802,0,1,0,0,0,1,0
1803,0,1,1,1,1,1,1
1804,1,1,0,0,0,1,0
1805,0,1,1,0,1,1,0
1806,0,0,1,1,0,0,0
1807,1,1,0,0,0,1,0
1808,1,1,1,0,0,1,0
1809,1,1,0,0,1,1,1
1810,1,1,0,0,0,1,0
1811,0,1,0,0,0,1,0
1813,0,1,1,1,1,1,1
1814,1,1,0,0,0,1,0
1815,1,1,0,0,0,1,0
1816,0,1,0,0,0,1,0
1817,1,1,1,0,1,1,1
1818,0,0,1,1,0,0,1
1819,0,1,1,1,1,1,1
1820,0,0,1,1,0,0,1
1821,0,0,1,1,0,0,0
1822,0,1,1,1,0,1,1
1823,0,1,1,0,0,1,1
1824,1,1,0,0,0,1,1
1825,1,1,0,0,0,1,0
1826,1,1,1,0,1,1,1
1827,0,1,1,1,1,1,1
1829,0,1,0,0,1,1,1
1830,0,1,1,1,1,1,0
1831,0,1,0,0,0,1,0
1832,0,1,0,0,1,1,1
1834,1,1,0,0,0,1,0
1837,1,1,1,1,1,1,0
1838,0,1,0,0,0,1,1
1839,0,1,0,0,0,1,0
1840,1,1,1,0,0,1,1
1841,0,1,0,0,0,1,0
1842,1,1,0,0,0,1,0
1843,1,1,1,0,1,1,1
1845,1,1,0,0,0,1,0
1846,1,1,0,0,0,1,0
1847,1,1,0,0,0,1,0
1848,1,1,1,1,0,1,1
1849,1,1,1,0,1,1,0
1850,1,1,0,0,0,1,0
1851,1,0,0,1,0,0,0
1852,0,0,0,1,0,0,1
1853,0,1,1,1,0,1,1
1854,1,1,0,0,0,1,0
1855,0,1,1,1,0,1,0
1856,1,1,0,0,0,1,1
1857,0,1,1,1,0,1,1
1858,0,1,0,0,0,1,0
1859,1,1,0,0,0,1,1
1861,0,1,1,0,1,1,1
1862,0,0,1,1,0,0,0
1863,1,1,0,0,0,1,0
1864,0,1,1,0,1,1,1
1865,0,0,1,1,0,0,0
1866,0,1,0,0,0,1,1
1867,0,1,1,0,0,1,1
1868,1,1,0,0,0,1,0
1869,0,1,0,0,1,1,1
1870,0,1,0,0,0,1,1
1871,0,1,0,0,0,1,0
1872,0,1,0,0,0,1,1
1873,0,1,0,0,0,1,1
1874,0,1,0,0,0,1,0
1875,0,1,0,0,0,1,0
1876,0,1,1,1,1,1,1
1877,0,1,1,0,1,1,1
1878,0,0,1,1,1,0,1
1880,0,0,1,1,0,0,1
1882,0,0,0,1,0,0,0
1885,0,1,0,0,0,1,0
1886,0,1,0,0,0,1,1
1887,0,1,1,0,1,1,1
1888,1,0,1,1,0,0,0
1889,1,1,1,0,1,1,1
1890,0,1,0,0,0,1,1
1891,1,1,0,0,0,1,0
1892,0,1,1,1,1,1,1
1893,1,1,0,0,0,1,0
1894,0,1,1,0,1,1,1
1895,1,0,1,1,0,0,1
1897,0,1,1,0,0,1,0
1898,0,0,1,1,0,0,1
1899,0,1,1,1,1,1,0
1900,0,1,0,0,0,1,1
1901,0,1,0,0,1,1,1
1902,0,1,0,0,0,1,0
1903,1,0,1,1,0,0,1
1904,1,1,0,0,0,1,0
1905,1,0,0,1,0,0,1
1906,0,0,1,1,0,0,0
1907,0,1,0,0,0,1,0
1908,1,1,0,0,0,1,0
1909,1,1,0,0,0,1,0
1910,1,1,0,0,0,1,1
1911,0,1,1,0,0,1,1
1912,1,1,0,0,0,1,0
1913,0,1,0,0,0,1,1
1914,0,1,1,1,1,1,1
1915,0,1,0,0,0,1,0
1916,1,1,1,0,0,1,1
1917,1,1,0,0,0,1,0
1919,0,1,1,1,1,1,1
1920,1,1,0,0,0,1,0
1921,0,0,1,1,0,0,1
1922,0,1,0,0,0,1,0
1923,0,1,1,1,1,1,1
1924,1,0,1,1,0,0,0
1925,1,1,1,1,0,1,1
1926,1,1,0,0,0,1,0
1927,1,1,1,0,0,1,1
1928,1,1,0,0,0,1,1
1929,1,1,0,0,0,1,0
1930,0,1,1,0,1,1,1
1931,0,1,0,0,0,1,0
1932,0,1,0,0,1,1,1
1933,0,1,0,0,1,1,1
1934,0,1,0,0,0,1,0
1935,0,0,1,1,0,0,0
1936,0,1,0,0,0,1,0
1937,1,1,0,0,0,1,0
1938,0,0,1,1,0,0,1
1939,1,1,0,0,0,1,1
1940,1,1,0,0,0,1,0
1941,1,0,1,0,0,0,1
1943,0,0,0,0,0,0,1
1944,1,1,1,1,1,1,0
1945,0,1,1,0,1,1,1
1946,0,1,0,0,0,1,0
1947,0,1,0,0,0,1,1
1948,1,1,0,0,0,1,0
1949,0,1,1,0,1,1,1
1950,0,1,0,0,0,1,1
1951,1,1,0,0,0,1,0
1952,0,0,1,1,0,0,0
1954,0,0,1,1,0,0,0
1955,0,1,0,0,0,1,0
1956,0,1,0,0,1,1,1
1957,0,1,1,1,1,1,1
1958,1,1,1,1,0,1,0
1959,0,0,1,1,1,0,1
1961,0,1,0,0,0,1,0
1963,0,0,1,1,0,0,0
1964,1,0,0,0,0,0,0
1965,0,1,1,1,1,1,1
1966,1,1,0,0,0,1,0
1969,0,0,1,1,0,0,1
1970,1,1,0,0,0,1,0
1971,0,0,0,0,0,0,0
1973,1,1,0,0,0,1,0
1974,1,1,1,1,1,1,1
1975,1,1,0,0,0,1,0
1976,1,1,0,0,0,1,1
1977,0,0,0,1,0,0,0
1978,0,1,1,1,0,1,0
1979,1,0,0,0,0,0,0
1980,1,0,1,1,0,0,1
1981,1,1,0,0,0,1,1
1982,0,0,0,0,0,0,1
1984,0,1,0,0,0,1,0
1985,0,1,1,1,1,1,1
1986,0,0,1,1,0,0,1
1987,1,1,0,0,0,1,0
1988,1,1,0,0,0,1,0
1990,0,1,0,0,0,1,0
1991,0,1,1,1,1,1,1
1992,0,1,1,0,1,1,1
1993,1,0,1,1,0,0,0
1994,1,1,0,0,0,1,1
1995,1,1,1,1,0,1,1
1996,0,1,0,0,0,1,0
1997,0,0,0,0,0,0,1
1998,1,1,0,0,0,1,0
1999,0,1,0,0,0,1,0
2001,1,1,1,0,0,1,0
2002,1,1,0,0,0,1,1
2004,1,1,0,0,0,1,0
2005,0,1,0,0,0,1,1
2006,1,1,0,0,0,1,0
2007,1,0,1,0,0,0,1
2008,0,1,0,0,0,1,0
2010,0,1,1,0,1,1,1
2011,0,1,1,0,1,1,1
2012,0,1,1,0,1,1,1
2013,0,1,0,0,0,1,0
2014,1,1,1,1,1,1,0
2015,0,1,1,1,0,1,1
2016,0,1,1,1,1,1,1
2017,0,1,0,0,0,1,0
2018,1,1,1,0,1,1,1
2019,1,1,0,0,0,1,0
2020,0,1,1,1,0,1,0
2021,0,0,1,1,0,0,1
2022,1,1,1,0,0,1,0
2023,1,1,1,0,1,1,0
2024,0,0,1,1,0,0,1
2025,0,0,1,1,0,0,1
2026,1,1,0,0,0,1,0
2027,1,1,0,0,0,1,0
2028,1,1,0,0,0,1,0
2029,0,1,1,0,1,1,0
2030,0,1,0,0,0,1,0
2031,1,1,1,0,0,1,0
2032,0,1,0,0,0,1,1
2033,0,0,1,1,0,0,1
2034,1,1,0,0,0,1,0
2035,1,1,1,1,1,1,1
2036,0,0,0,1,0,0,0
2037,0,1,1,0,1,1,1
2038,0,1,1,1,0,1,1
2039,0,1,0,0,0,1,1
2040,0,1,0,0,0,1,0
2041,0,1,0,0,0,1,0
2042,0,0,1,1,0,0,0
2043,0,1,0,0,0,1,0
2046,0,1,1,0,1,1,1
2047,0,1,1,1,0,1,0
2048,0,1,1,1,1,1,0
2049,0,1,0,0,0,1,0
2050,0,1,1,0,0,1,0
2051,1,1,0,0,0,1,0
2053,0,1,0,0,0,1,0
2054,0,1,1,1,1,1,1
2055,0,1,1,1,0,1,0
2056,1,1,0,0,0,1,0
2057,1,1,0,0,0,1,1
2058,0,1,1,1,1,1,0
2059,0,1,1,1,1,1,1
2060,0,1,0,0,1,1,1
2062,0,1,0,0,1,1,1
2063,0,0,0,0,0,0,0
2064,0,0,1,1,0,0,0
2065,1,1,0,0,0,1,0
2066,1,1,0,0,0,1,0
2067,1,1,0,0,0,1,0
2068,0,0,0,1,0,0,1
2069,1,1,1,0,1,1,1
2070,1,1,0,0,0,1,0
2072,0,1,0,0,0,1,0
2073,0,1,0,0,0,1,0
2074,0,0,1,1,0,0,1
2075,1,1,0,0,0,1,1
2076,0,1,1,1,0,1,1
2077,1,1,0,0,0,1,0
2078,0,0,1,1,0,0,0
2079,1,1,1,0,1,1,1
2080,1,1,0,0,0,1,0
2081,0,0,1,1,0,0,1
2082,0,0,1,1,0,0,1
2085,0,1,0,0,0,1,0
2087,0,1,0,0,0,1,0
2088,1,1,0,0,0,1,0
2089,1,1,0,0,0,1,0
2090,1,1,1,0,1,1,0
2091,1,1,0,0,0,1,0
2092,0,1,1,0,1,1,0
2093,0,0,0,1,0,0,0
2094,0,1,0,0,0,1,0
2095,1,1,1,0,0,1,1
2096,1,1,1,0,0,1,0
2097,0,1,1,0,0,1,1
2098,0,1,1,1,1,1,1
2099,0,0,1,0,0,0,1
2100,1,1,0,0,0,1,1
2101,0,1,0,0,0,1,0
2102,0,1,1,1,1,1,0
2103,0,1,1,0,1,1,1
2104,0,1,1,1,1,1,1
2105,1,1,1,0,0,1,1
2106,1,0,0,0,0,0,1
2107,0,1,0,0,0,1,0
2108,1,1,0,0,0,1,0
2109,0,1,1,1,1,1,1
2110,1,0,1,0,0,0,1
2112,1,1,0,0,0,1,0
2113,1,1,0,0,0,1,0
2114,1,1,0,0,0,1,1
2115,0,1,1,0,0,1,0
2116,1,0,0,1,0,0,0
2117,0,1,1,1,1,1,1
2118,1,1,0,0,0,1,0
2119,1,0,0,1,0,0,0
2120,0,1,1,1,0,1,1
2121,1,1,0,0,0,1,0
2122,1,1,0,0,0,1,0
2123,1,1,0,0,0,1,0
2124,1,1,0,0,0,1,1
2125,0,1,1,0,0,1,1
2126,0,1,1,0,1,1,0
2127,0,1,0,0,0,1,0
2128,0,1,1,1,1,1,1
2129,1,1,0,0,0,1,0
2130,0,1,0,0,0,1,1
2131,0,1,0,0,0,1,0
2132,1,1,0,0,0,1,1
2133,1,1,1,0,0,1,1
2134,1,1,0,0,1,1,1
2135,0,1,0,0,0,1,1
2136,0,1,1,1,0,1,1
2137,0,1,0,0,0,1,0
2139,0,0,1,1,0,0,1
2140,0,0,0,1,0,0,0
2142,0,1,0,0,0,1,0
2143,0,1,1,0,0,1,1
2144,0,1,0,0,0,1,0
2145,1,0,1,1,0,0,1
2146,1,1,0,0,0,1,0
2147,1,1,0,0,0,1,0
2148,0,1,0,0,0,1,0
2149,0,1,0,0,0,1,1
2150,0,1,1,1,1,1,0
2151,1,1,0,0,0,1,0
2154,0,0,1,1,0,0,1
2155,0,1,1,1,1,1,1
2156,0,1,1,1,0,1,0
2157,0,0,0,1,0,0,1
2158,0,1,0,0,1,1,0
2159,0,1,0,0,0,1,0
2160,0,1,1,0,0,1,1
2162,1,1,0,0,0,1,0
2163,1,1,0,0,0,1,0
2164,1,1,0,0,0,1,0
2165,1,1,0,0,0,1,0
2166,0,0,1,1,0,0,0
2167,0,1,1,0,1,1,0
2168,0,1,0,0,0,1,0
2169,0,1,1,1,1,1,1
2170,1,0,0,1,0,0,0
2171,1,1,0,0,0,1,0
2172,0,1,1,0,0,1,1
2173,0,1,1,0,1,1,1
2174,1,0,0,1,0,0,0
2175,1,1,0,0,0,1,1
2176,1,1,0,0,0,1,1
2178,0,0,1,1,0,0,1
2180,1,1,0,0,0,1,1
2181,0,1,1,0,1,1,1
2182,1,1,0,0,1,1,0
2183,0,1,0,0,0,1,0
2184,0,1,1,0,1,1,1
2186,1,1,1,0,1,1,1
2187,0,1,1,0,1,1,1
2189,0,0,0,1,0,0,0
2190,0,1,0,0,1,1,1
2193,0,1,1,0,1,1,0
2194,0,0,0,1,0,0,1
2195,0,0,0,1,0,0,1
2196,1,1,0,0,0,1,0
2197,0,1,1,0,1,1,1
2198,0,1,1,0,1,1,0
2199,0,0,1,1,0,0,0
2200,0,1,1,1,1,1,1
2201,1,1,1,1,0,1,0
2202,0,1,1,1,0,1,1
2203,1,1,0,0,0,1,0
2204,0,1,0,0,0,1,1
2206,0,1,0,0,0,1,1
2208,0,0,1,1,0,0,0
2209,1,1,1,1,0,1,1
2210,1,1,0,0,0,1,0
2211,1,1,0,0,0,1,0
2212,0,1,0,0,0,1,0
2214,1,1,0,0,0,1,0
2215,1,1,0,0,0,1,0
2216,0,1,1,0,1,1,1
2217,0,0,1,1,0,0,1
2218,1,1,1,0,1,1,0
2219,1,1,0,0,0,1,1
2220,0,1,0,0,1,1,0
2221,1,1,0,0,0,1,0
2222,0,1,1,0,1,1,1
2223,1,1,0,0,0,1,0
2224,1,1,0,0,0,1,0
2225,0,1,1,1,0,1,1
2226,0,1,1,0,0,1,1
2227,0,1,0,0,0,1,0
2229,1,1,1,0,0,1,1
2230,0,1,0,0,0,1,1
2235,0,0,0,0,0,0,1
2236,0,1,1,0,0,1,1
2237,0,1,0,0,0,1,1
2238,0,1,0,0,0,1,0
2239,0,1,1,0,1,1,1
2240,0,1,1,0,0,1,1
2241,0,1,1,0,0,1,0
2242,1,1,0,0,0,1,0
2243,0,1,0,0,0,1,0
2244,1,1,0,0,0,1,0
2245,1,1,0,0,0,1,0
2246,0,0,1,1,0,0,0
2247,1,1,1,1,0,1,0
2248,0,0,1,1,0,0,0
2249,1,1,1,1,1,1,1
2250,0,1,1,0,1,1,1
2251,0,1,0,0,0,1,0
2253,0,1,0,0,0,1,0
2254,1,1,0,0,0,1,0
2256,0,1,0,0,0,1,0
2258,0,1,0,0,0,1,0
2259,1,1,0,0,0,1,0
2260,0,1,1,0,0,1,0
2261,0,1,1,1,0,1,0
2262,1,0,1,1,0,0,1
2263,1,1,1,1,1,1,1
2265,0,1,1,1,0,1,0
2266,1,1,0,0,0,1,1
2267,1,1,1,1,0,1,1
2268,1,0,1,0,0,0,1
2269,0,1,1,1,1,1,0
2270,0,0,0,1,0,0,0
2271,0,1,1,1,0,1,1
2272,0,1,0,0,0,1,0
2273,1,1,0,0,0,1,0
2274,1,1,0,0,0,1,0
2275,1,1,0,0,0,1,1
2276,1,1,0,0,0,1,0
2277,1,0,0,0,0,0,1
2278,1,1,0,0,0,1,1
2279,1,1,0,0,0,1,0
2280,1,0,0,1,0,0,1
2281,0,1,0,0,0,1,0
2282,0,1,0,0,0,1,0
2283,1,1,0,0,0,1,0
2284,0,1,1,1,1,1,0
2285,0,1,1,0,1,1,0
2287,0,0,1,1,0,0,0
2288,1,1,0,0,0,1,0
2289,1,0,1,1,0,0,1
2290,0,1,1,1,1,1,0
2291,1,1,0,0,0,1,0
2292,0,1,1,1,1,1,1
2293,0,1,0,0,0,1,0
2294,0,0,0,1,0,0,0
2295,1,0,1,1,0,0,1
2296,0,1,1,1,1,1,1
2297,0,1,0,0,0,1,1
2298,1,1,1,1,1,1,1
2299,1,1,1,0,1,1,1
2300,0,1,1,1,1,1,1
2301,0,1,1,1,1,1,0
2302,0,0,0,1,0,0,0
2303,1,1,0,0,0,1,0
2304,1,1,1,1,1,1,1
2305,1,1,0,0,0,1,0
2307,1,1,1,0,0,1,0
2308,0,1,1,0,0,1,0
2309,0,1,0,0,0,1,1
2310,0,0,1,1,0,0,1
2311,0,0,0,1,0,0,1
2312,1,1,0,0,0,1,0
2313,0,1,1,1,1,1,1
2314,0,1,0,0,1,1,1
2315,0,1,1,0,0,1,0
2316,1,0,1,1,0,0,1
2317,0,1,1,1,1,1,1
2318,0,1,1,0,1,1,0
2319,0,1,0,0,0,1,0
2320,0,0,1,1,0,0,0
2321,0,1,0,0,0,1,0
2322,0,0,0,1,0,0,1
2323,1,1,0,0,0,1,1
2324,1,1,1,0,0,1,1
2325,0,1,0,0,0,1,1
2326,0,1,1,1,1,1,1
2327,1,1,0,0,0,1,0
2328,0,0,1,1,0,0,0
2329,1,1,0,0,1,1,0
2330,1,1,0,0,0,1,0
2331,1,1,1,1,1,1,1
2332,0,0,1,1,0,0,0
2333,1,1,0,0,0,1,0
2334,0,0,0,1,0,0,1
2336,1,1,1,0,0,1,0
2337,1,1,0,0,0,1,0
2339,1,1,0,0,0,1,0
2340,1,1,0,0,0,1,1
2341,0,1,1,1,1,1,1
2342,0,1,1,0,1,1,1
2343,0,1,1,0,0,1,1
2345,0,1,1,0,0,1,1
2346,0,1,0,0,0,1,0
2347,0,1,1,1,1,1,1
2348,1,0,0,1,0,0,0
2349,0,1,1,1,1,1,1
2350,1,1,0,0,0,1,0
2351,0,1,0,0,1,1,0
2352,1,1,0,0,0,1,1
2353,0,1,1,1,1,1,1
2355,1,1,1,0,0,1,1
2356,0,1,0,0,0,1,0
2358,0,1,1,1,1,1,1
2359,0,1,1,1,1,1,1
2360,1,1,0,0,0,1,1
2362,1,1,1,1,0,1,1
2363,1,0,1,1,0,0,1
2365,0,1,1,0,1,1,1
2366,0,1,0,0,0,1,0
2367,0,1,1,1,1,1,1
2368,0,1,0,0,1,1,1
2371,0,1,0,0,0,1,0
2372,0,1,1,0,0,1,0
2373,0,1,0,0,0,1,0
2374,1,1,0,0,0,1,0
2375,0,1,1,0,1,1,0
2376,1,1,1,1,0,1,0
2377,0,1,1,1,0,1,1
2378,1,1,0,0,0,1,0
2379,0,1,1,0,1,1,0
2380,0,1,0,0,0,1,1
2381,0,1,1,0,1,1,0
2383,0,1,1,0,1,1,1
2384,0,0,0,1,0,0,0
2385,0,1,1,0,0,1,1
2386,0,0,0,1,0,0,1
2388,0,1,0,0,0,1,0
2391,1,1,0,0,0,1,0
2392,0,1,0,0,0,1,0
2396,1,0,1,1,0,0,1
2397,1,1,0,0,0,1,0
2398,0,1,1,1,1,1,0
2400,0,0,1,1,0,0,1
2401,0,0,1,1,0,0,0
2402,1,0,1,1,0,0,1
2403,0,1,1,1,1,1,1
2404,0,1,1,1,1,1,1
2405,0,1,0,0,1,1,1
2406,0,1,1,0,1,1,1
2407,0,1,1,1,0,1,0
2408,1,1,0,0,0,1,0
2409,0,1,1,0,1,1,0
2411,0,0,0,0,0,0,1
2412,1,0,1,1,0,0,0
2413,0,0,1,1,0,0,1
2414,0,1,1,1,0,1,0
2415,0,1,1,0,0,1,1
2416,0,1,1,1,1,1,1
2418,0,1,1,0,0,1,0
2419,0,0,0,1,0,0,0
2420,1,1,0,0,0,1,0
2421,0,1,0,0,1,1,0
2423,0,1,0,0,0,1,1
2425,0,0,1,1,0,0,1
2426,1,1,0,0,0,1,1
2427,0,0,1,0,0,0,1
2428,1,1,0,0,1,1,1
2429,1,0,0,0,0,0,0
2430,0,1,1,0,0,1,1
2432,1,1,0,0,0,1,0
2434,0,1,1,0,0,1,1
2436,0,1,1,1,0,1,0
2437,1,1,0,0,0,1,0
2438,0,0,1,1,0,0,1
2440,0,0,1,1,0,0,1
2441,1,1,0,0,1,1,1
2442,1,1,0,0,0,1,0
2443,0,1,1,0,1,1,1
2444,0,0,1,1,0,0,1
2445,0,1,0,0,0,1,1
2446,0,1,1,1,1,1,1
2447,1,1,0,0,0,1,1
2448,1,1,1,0,0,1,0
2449,1,1,0,0,0,1,0
2450,0,1,0,0,0,1,0
2451,0,0,1,1,0,0,0
2452,1,1,0,0,1,1,1
2453,0,1,0,0,0,1,1
2454,1,1,0,0,0,1,0
2455,0,1,0,0,0,1,0
2457,0,1,1,0,1,1,0
2459,1,1,0,0,0,1,1
2460,0,1,0,0,0,1,0
2461,1,1,0,0,0,1,0
2462,1,1,0,0,0,1,0
2463,0,1,0,0,0,1,1
2464,1,1,0,0,0,1,0
2465,1,1,0,0,0,1,0
2466,1,0,0,1,0,0,0
2467,0,1,0,0,1,1,1
2468,0,1,1,1,0,1,0
2470,1,1,0,0,0,1,0
2472,1,1,0,0,0,1,1
2473,1,0,1,1,0,0,0
2475,1,1,1,1,1,1,1
2477,0,0,1,1,0,0,1
2478,1,1,0,0,0,1,0
2479,1,1,0,0,0,1,0
2480,1,0,1,1,0,0,0
2481,1,1,0,0,0,1,0
2482,1,0,1,1,1,0,0
2483,1,1,1,0,0,1,0
2484,1,1,1,1,0,1,0
2485,0,0,1,1,0,0,0
2486,0,0,0,0,0,0,1
2487,0,1,0,0,0,1,0
2488,0,0,0,1,0,0,0
2489,1,1,0,0,0,1,0
2490,0,1,1,1,1,1,1
2491,0,1,1,1,1,1,1
2492,0,1,0,1,1,1,1
2493,1,1,0,0,1,1,0
2494,1,1,0,0,1,1,1
2495,0,1,0,0,0,1,0
2496,0,1,1,0,0,1,1
2498,1,1,0,0,0,1,0
2499,1,1,0,0,0,1,0
2500,0,1,0,0,0,1,1
2501,0,1,0,0,0,1,0
2502,0,1,1,1,1,1,1
2503,0,1,1,0,1,1,0
2504,0,1,0,0,0,1,0
2505,1,1,1,1,1,1,1
2506,0,1,1,0,1,1,1
2507,0,0,0,0,0,0,1
2508,1,0,1,1,0,0,1
2510,0,1,0,1,0,1,1
2511,0,0,0,1,0,0,0
2512,0,1,1,1,1,1,0
2513,0,1,0,0,0,1,0
2514,0,0,0,1,0,0,0
2515,0,0,0,0,0,0,0
2516,1,1,1,1,1,1,1
2517,0,1,0,0,0,1,1
2518,1,0,1,1,0,0,0
2519,0,1,1,0,0,1,0
2520,0,0,1,1,0,0,1
2521,1,1,0,0,0,1,0
2522,0,1,0,0,0,1,0
2523,0,0,1,1,0,0,1
2525,0,1,1,0,1,1,0
2526,1,1,0,0,0,1,1
2527,0,0,0,1,0,0,0
2528,0,0,0,0,1,0,1
2529,0,1,1,0,0,1,1
2530,1,1,1,0,0,1,0
2531,1,0,0,1,0,0,0
2533,1,1,1,0,1,1,1
2536,1,0,1,1,0,0,1
2537,0,1,0,0,0,1,0
2538,1,1,0,0,0,1,0
2539,0,1,0,0,1,1,0
2540,1,1,0,0,0,1,0
2541,0,1,1,1,0,1,1
2542,0,1,0,0,0,1,1
2543,0,1,1,1,1,1,1
2545,0,1,0,0,0,1,0
2546,1,1,0,0,0,1,0
2548,0,1,1,0,1,1,0
2549,0,1,1,1,0,1,1
2550,0,1,0,0,0,1,0
2551,0,1,0,0,0,1,0
2552,1,0,0,0,0,0,1
2553,1,1,1,0,1,1,1
2554,0,1,0,0,0,1,1
2555,0,1,1,1,1,1,1
2556,0,1,1,0,1,1,0
2557,1,1,0,0,0,1,0
2558,1,1,1,0,0,1,1
2559,0,0,0,0,0,0,1
2561,1,1,1,1,1,1,0
2562,0,0,1,1,0,0,1
2564,0,1,1,1,1,1,1
2565,0,1,0,0,0,1,1
2566,0,1,1,1,1,1,0
2567,0,1,0,0,1,1,1
2568,0,1,0,0,0,1,0
2571,0,0,1,1,0,0,1
2572,1,1,0,0,0,1,0
2573,0,1,1,1,1,1,1
2574,0,1,0,0,0,1,0
2575,1,1,1,0,0,1,1
2576,0,0,1,1,0,0,0
2577,0,0,1,1,0,0,1
2578,1,1,0,0,0,1,1
2579,1,1,0,0,0,1,0
2581,0,1,1,1,0,1,1
2582,1,1,0,0,0,1,1
2583,1,1,1,1,0,1,0
2584,1,1,0,0,0,1,1
2585,0,1,1,1,1,1,1
2586,1,1,0,0,0,1,1
2587,0,0,1,1,0,0,1
2588,0,1,0,0,0,1,1
2590,0,1,1,1,1,1,1
2591,1,1,0,0,0,1,0
2592,0,1,1,1,1,1,1
2594,1,0,1,1,0,0,0
2595,1,1,0,0,0,1,0
2597,0,1,1,1,0,1,0
2598,0,0,1,1,0,0,1
2599,1,1,0,0,0,1,1
2600,0,1,1,1,1,1,0
2601,1,1,0,0,0,1,0
2602,0,0,1,1,0,0,0
2603,0,1,0,0,1,1,0
2604,1,1,0,0,0,1,0
2605,1,1,1,0,1,1,1
2606,0,0,0,1,0,0,0
2607,0,1,1,0,1,1,1
2608,1,1,0,0,0,1,0
2609,1,1,0,0,0,1,0
2610,1,1,1,1,1,1,1
2611,0,0,0,1,0,0,1
2614,0,1,0,0,1,1,0
2615,1,1,0,0,0,1,0
2617,0,0,1,1,0,0,1
2618,1,1,0,0,0,1,0
2620,1,1,1,1,0,1,1
2621,0,1,0,0,0,1,0
2622,1,1,0,0,0,1,0
2623,1,1,0,0,0,1,0
2625,0,0,0,1,0,0,0
2626,0,1,1,0,1,1,0
2627,1,1,1,1,1,1,0
2629,1,1,0,0,0,1,1
2630,0,1,0,0,0,1,1
2631,1,1,0,0,0,1,1
2632,0,0,1,1,0,0,1
2633,1,1,0,0,1,1,1
2634,0,1,0,0,1,1,0
2635,0,1,1,1,1,1,1
2636,1,1,0,0,0,1,0
2637,1,1,0,0,0,1,0
2638,0,0,1,1,0,0,1
2639,1,1,1,0,0,1,0
2640,0,1,0,0,0,1,1
2642,1,0,0,1,0,0,1
2643,0,0,1,1,0,0,1
2644,0,0,1,1,0,0,0
2645,0,0,1,1,0,0,0
2646,0,1,0,0,0,1,0
2647,0,1,1,1,1,1,1
2649,0,1,0,0,0,1,0
2650,1,1,0,0,0,1,0
2651,1,1,0,0,0,1,0
2652,0,1,0,0,0,1,0
2653,0,1,0,0,0,1,1
2655,1,0,0,0,0,0,0
2656,1,1,0,0,0,1,0
2657,1,1,1,0,0,1,1
2658,1,1,0,0,0,1,0
2659,1,1,0,0,0,1,0
2660,0,0,1,1,0,0,0
2661,0,0,1,0,0,0,0
2662,1,1,0,0,0,1,0
2663,1,1,1,0,0,1,1
2664,0,1,0,0,0,1,1
2665,1,1,0,0,0,1,1
2666,1,0,1,1,0,0,0
2667,1,1,0,0,0,1,1
2668,0,1,1,1,1,1,0
2669,0,1,0,0,0,1,0
2670,0,1,1,0,1,1,1
2671,0,0,1,1,0,0,0
2672,1,1,0,0,1,1,1
2673,0,1,1,1,1,1,1
2675,1,1,0,0,1,1,0
2676,0,1,1,1,1,1,1
2678,0,1,1,0,0,1,1
2679,0,1,1,1,1,1,1
2680,1,1,1,1,1,1,1
2681,1,1,0,0,0,1,0
2682,1,0,1,1,0,0,0
2683,0,1,1,0,0,1,0
2684,0,1,0,0,0,1,1
2685,0,1,1,1,1,1,1
2686,0,0,0,1,0,0,1
2688,0,1,0,0,0,1,0
2689,1,1,1,1,0,1,0
2690,1,1,0,0,1,1,0
2691,1,1,1,1,0,1,0
2692,0,1,1,0,0,1,0
2693,0,1,1,1,0,1,0
2694,1,1,0,0,0,1,0
2695,0,1,1,1,1,1,0
2697,1,1,0,0,0,1,0
2698,0,1,0,0,0,1,1
2699,0,1,0,0,1,1,0
2700,1,1,0,1,0,1,1
2701,0,1,1,0,0,1,1
2702,1,1,0,0,0,1,1
2703,0,1,1,0,0,1,1
2704,0,0,0,0,0,0,0
2705,0,1,1,1,1,1,1
2707,0,1,1,0,0,1,0
2709,0,1,1,1,1,1,1
2710,1,0,0,0,0,0,0
2711,1,1,0,0,0,1,1
2712,0,1,0,0,0,1,0
2713,0,1,1,0,0,1,1
2714,1,0,0,0,0,0,1
2715,0,1,0,0,0,1,1
2716,0,1,1,0,0,1,0
2717,1,1,0,0,0,1,0
2718,0,1,0,0,0,1,0
2719,0,1,0,0,0,1,1
2720,1,1,1,0,1,1,1
2721,0,1,0,0,0,1,0
2722,0,0,0,1,0,0,1
2723,0,1,1,1,0,1,0
2725,1,1,1,1,1,1,1
2728,0,0,1,1,1,0,1
2729,0,1,1,1,1,1,1
2731,0,0,1,1,0,0,0
2733,0,0,1,1,1,0,1
2735,1,1,0,0,0,1,0
2736,0,1,1,0,0,1,1
2738,0,1,1,0,0,1,0
2739,1,1,0,0,0,1,1
2740,0,1,1,0,0,1,1
2741,0,1,1,0,1,1,0
2742,1,1,0,0,0,1,0
2743,0,1,1,1,1,1,0
2744,0,1,0,0,0,1,1
2746,0,0,1,1,0,0,1
2747,0,1,1,1,1,1,1
2749,0,1,1,1,1,1,1
2750,0,0,1,1,0,0,1
2751,1,1,1,0,0,1,1
2752,0,0,1,1,0,0,1
2753,1,1,0,0,0,1,0
2754,1,1,0,0,0,1,0
2755,0,0,0,1,0,0,0
2757,0,1,0,0,1,1,1
2758,0,1,0,0,0,1,1
2759,0,0,1,1,0,0,1
2760,0,1,1,0,1,1,0
2761,1,0,0,1,0,0,1
2763,1,1,1,0,0,1,1
2765,0,1,1,1,0,1,1
2767,0,1,1,1,1,1,1
2768,0,0,0,0,0,0,0
2769,0,1,0,0,0,1,0
2770,0,0,1,1,0,0,1
2771,0,0,1,1,1,0,1
2772,1,1,1,1,1,1,1
2773,0,1,0,1,0,1,0
2774,0,1,1,1,1,1,1
2775,1,1,0,0,0,1,0
2776,1,1,0,0,0,1,0
2777,1,1,1,0,1,1,1
2778,1,0,1,0,0,0,1
2779,0,1,0,0,1,1,1
2780,0,1,1,0,1,1,1
2782,1,1,0,0,0,1,1
2783,1,1,0,0,0,1,0
2784,1,1,0,0,0,1,0
2785,0,1,1,1,0,1,1
2786,0,0,0,0,0,0,1
2787,0,1,1,1,0,1,1
2788,0,1,0,0,0,1,1
2790,1,1,0,0,0,1,0
2791,0,1,1,1,1,1,1
2792,1,1,0,0,0,1,0
2793,0,1,1,1,1,1,1
2794,1,1,0,0,0,1,1
2795,1,1,1,0,0,1,1
2796,0,1,1,1,1,1,1
2797,0,1,1,0,0,1,0
2798,0,1,0,0,1,1,0
2799,1,0,0,1,0,0,1
2800,0,1,0,0,1,1,1
2801,0,1,0,0,0,1,0
2802,1,1,1,0,0,1,0
2803,1,0,1,0,0,0,0
2804,0,1,1,1,1,1,1
2805,1,0,1,1,0,0,1
2806,1,1,1,0,1,1,0
2807,0,0,1,1,0,0,0
2808,0,1,0,0,0,1,0
2809,0,1,1,1,1,1,1
2810,1,1,0,0,0,1,0
2811,0,0,0,1,0,0,0
2812,1,1,0,0,0,1,0
2813,1,1,0,0,0,1,0
2814,0,0,1,1,0,0,1
2815,0,0,0,1,0,0,0
2816,0,1,0,0,0,1,0
2817,0,0,1,1,0,0,1
2818,0,0,1,1,0,0,1
2819,0,0,0,1,0,0,1
2820,1,1,1,0,1,1,1
2821,1,1,0,0,0,1,1
2823,0,0,1,0,0,0,1
2824,1,1,1,1,0,1,0
2825,0,0,1,1,0,0,1
2826,0,1,0,0,0,1,0
2827,0,1,0,0,0,1,1
2828,0,1,1,1,1,1,1
2829,0,1,1,0,0,1,0
2830,1,1,0,0,0,1,0
2831,1,1,1,0,0,1,1
2832,0,0,1,1,0,0,0
2833,0,1,0,0,0,1,0
2834,0,1,1,1,1,1,1
2835,0,1,0,0,1,1,0
2836,1,1,0,0,0,1,1
2837,0,1,1,1,1,1,1
2839,1,1,1,0,1,1,1
2840,1,1,0,0,0,1,0
2841,0,1,1,1,1,1,1
2842,0,0,0,1,0,0,1
2843,0,1,1,1,1,1,1
2844,0,0,1,1,0,0,1
2845,0,1,1,1,1,1,1
2846,0,1,0,0,0,1,0
2847,0,1,0,0,0,1,0
2848,0,0,1,1,1,0,1
2849,0,1,0,0,0,1,1
2850,0,1,0,0,1,1,0
2851,1,1,0,0,0,1,0
2853,0,1,0,0,0,1,0
2854,0,0,1,1,0,0,1
2855,0,1,1,0,0,1,0
2856,0,1,0,0,0,1,1
2857,1,1,1,1,1,1,1
2858,0,1,0,0,0,1,1
2859,1,0,1,1,0,0,1
2860,0,1,0,0,0,1,1
2861,0,1,1,0,1,1,1
2862,0,1,0,0,0,1,0
2863,1,0,1,0,0,0,0
2865,1,1,0,0,0,1,1
2866,0,1,1,1,1,1,1
2867,0,1,0,0,0,1,0
2868,1,1,0,0,0,1,0
2869,0,1,1,1,0,1,1
2870,0,1,1,1,1,1,1
2871,0,1,1,0,1,1,1
2872,0,1,1,1,1,1,1
2873,0,1,0,0,0,1,0
2874,0,1,1,0,1,1,0
2875,1,1,0,0,0,1,0
2877,1,1,1,1,1,1,0
2878,0,0,1,1,1,0,1
2880,1,1,0,0,0,1,0
2881,0,1,1,1,1,1,0
2882,0,1,0,0,0,1,1
2883,0,1,0,0,0,1,0
2884,0,1,0,0,0,1,0
2886,0,1,1,0,0,1,0
2887,0,1,1,0,1,1,1
2889,1,1,0,0,0,1,0
2890,1,1,0,0,0,1,0
2891,0,0,0,0,0,0,0
2892,0,1,0,0,0,1,0
2893,0,1,1,0,1,1,0
2894,1,1,0,0,1,1,0
2895,0,1,1,0,1,1,1
2896,1,1,0,0,0,1,0
2899,0,1,1,0,1,1,1
2900,0,1,0,0,0,1,0
2901,1,1,0,0,0,1,0
2902,0,0,0,0,0,0,1
2903,0,0,1,1,0,0,1
2904,0,1,1,0,1,1,0
2905,1,0,1,1,1,0,0
2906,1,1,1,0,0,1,1
2907,1,1,0,0,0,1,0
2908,1,1,0,0,0,1,0
2909,0,1,0,0,0,1,1
2910,0,1,0,0,0,1,1
2911,1,1,0,0,0,1,0
2912,1,1,1,0,1,1,1
2913,0,0,0,1,0,0,1
2914,0,0,1,1,0,0,1
2915,0,1,1,1,0,1,1
2916,0,0,1,1,0,0,1
2918,1,0,1,1,0,0,1
2919,0,0,1,1,0,0,1
2920,1,1,0,0,0,1,0
2921,1,1,0,0,0,1,0
2922,0,0,1,1,0,0,1
2923,0,1,0,1,0,1,0
2924,1,0,0,1,0,0,0
2926,1,1,1,0,0,1,1
2927,0,1,0,0,0,1,0
2928,1,1,0,0,0,1,0
2930,0,1,0,0,0,1,0
2931,1,1,0,0,0,1,1
2932,0,0,1,1,0,0,1
2934,0,0,1,1,0,0,1
2935,1,1,0,1,0,1,0
2936,0,1,0,0,0,1,0
2937,1,1,0,0,0,1,1
2938,1,1,0,0,0,1,0
2939,0,0,1,1,0,0,1
2940,1,0,1,1,0,0,1
2942,1,1,1,0,0,1,1
2944,1,1,1,1,0,1,1
2946,0,1,1,0,1,1,1
2947,1,1,0,0,0,1,0
2948,0,1,1,0,1,1,0
2949,0,1,0,0,1,1,0
2950,0,1,0,1,0,1,1
2951,0,1,1,0,1,1,1
2952,1,1,0,0,1,1,0
2953,0,1,1,1,0,1,1
2955,1,1,0,0,0,1,0
2956,1,1,1,0,1,1,1
2957,1,1,0,0,0,1,1
2958,0,1,0,0,0,1,0
2960,0,1,0,0,0,1,1
2962,1,0,1,1,0,0,1
2963,1,1,0,0,0,1,0
2964,1,1,0,0,0,1,1
2965,1,1,0,0,0,1,1
2966,1,1,0,0,0,1,1
2967,0,1,0,0,0,1,1
2968,0,1,0,0,0,1,0
2969,1,1,0,0,1,1,0
2970,0,0,0,0,0,0,0
2971,0,1,1,1,1,1,0
2972,1,1,0,0,1,1,0
2973,0,1,0,0,0,1,1
2974,1,1,1,1,1,1,1
2975,1,1,0,0,1,1,1
2976,1,1,1,0,0,1,0
2977,1,1,0,0,0,1,0
2978,0,1,1,0,1,1,0
2979,0,1,1,1,1,1,0
2980,0,1,0,0,0,1,1
2981,1,0,1,1,0,0,1
2982,1,1,1,0,0,1,1
2983,1,0,1,1,0,0,0
2984,0,0,0,0,0,0,1
2985,0,0,1,1,0,0,1
2986,0,1,0,0,0,1,1
2987,1,1,0,0,1,1,0
2988,0,1,0,0,0,1,0
2989,1,1,1,0,0,1,0
2990,1,1,0,0,0,1,0
2991,1,1,1,0,1,1,1
2992,0,1,0,0,0,1,1
2993,0,1,0,0,0,1,0
2994,1,1,1,1,0,1,1
2995,0,1,0,0,0,1,0
2998,0,1,1,1,1,1,0
2999,0,1,1,1,1,1,1
3000,0,1,0,0,0,1,0
3002,0,0,1,1,0,0,1
3003,1,1,0,0,0,1,0
3004,0,1,0,0,0,1,1
3005,1,1,1,1,1,1,1
3006,0,0,1,1,0,0,0
3007,0,0,1,1,0,0,1
3008,1,1,0,0,0,1,0
3009,0,1,0,1,0,1,0
3010,1,1,0,0,0,1,0
3011,0,1,1,1,0,1,1
3012,0,0,1,1,0,0,0
3013,1,1,0,0,0,1,0
3014,0,1,1,0,1,1,0
3015,0,0,1,1,0,0,1
3016,0,1,1,1,1,1,1
3017,0,1,1,0,0,1,0
3018,0,1,1,1,1,1,0
3020,0,0,1,1,0,0,1
3021,0,1,0,1,0,1,0
3022,1,1,0,0,0,1,0
3023,0,1,0,0,0,1,0
3024,0,0,0,0,0,0,1
3025,1,1,0,0,0,1,0
3026,0,1,1,1,0,1,1
3027,0,1,0,0,0,1,0
3028,1,1,0,1,1,1,1
3029,0,0,1,1,0,0,1
3030,1,1,0,0,0,1,1
3031,1,1,0,0,1,1,1
3032,0,0,1,1,0,0,1
3033,0,1,1,0,0,1,1
3034,1,1,0,0,0,1,0
3035,0,0,1,1,0,0,1
3037,0,1,1,0,0,1,1
3038,0,1,0,0,0,1,0
3039,0,1,1,1,0,1,0
3040,1,1,0,0,0,1,1
3041,0,1,1,0,0,1,0
3042,0,1,1,1,1,1,1
3043,1,1,0,0,0,1,0
3044,1,1,0,0,0,1,0
3045,1,1,0,0,0,1,0
3046,0,0,1,1,0,0,1
3047,1,1,0,0,0,1,1
3048,1,1,0,0,0,1,0
3049,0,1,1,1,1,1,1
3050,0,0,0,0,0,0,1
3051,0,1,0,0,0,1,0
3052,0,1,0,0,0,1,0
3053,0,0,0,1,0,0,1
3054,0,0,1,1,0,0,1
3055,1,1,0,0,0,1,1
3056,0,0,0,0,0,0,0
3057,0,1,1,1,0,1,0
3058,0,1,0,0,0,1,0
3060,1,1,0,0,0,1,0
3061,0,0,1,1,0,0,0
3063,1,1,0,0,1,1,0
3064,1,1,0,0,0,1,0
3065,0,0,1,1,0,0,1
3066,0,0,1,1,1,0,1
3067,1,0,0,1,0,0,0
3069,0,1,0,0,1,1,0
3070,0,0,1,1,0,0,0
3072,1,1,0,0,1,1,0
3073,0,1,1,0,0,1,1
3074,0,0,0,0,0,0,1
3075,0,1,0,0,0,1,0
3076,1,0,1,0,0,0,1
3077,0,1,0,1,0,1,0
3078,1,1,1,0,0,1,0
3081,0,1,0,0,0,1,0
3083,1,1,0,0,0,1,0
3084,0,1,0,0,0,1,0
3085,1,1,0,0,0,1,0
3087,0,1,0,0,1,1,0
3088,1,1,1,1,1,1,1
3089,1,1,1,0,0,1,0
3090,1,0,1,1,0,0,1
3093,1,0,1,1,0,0,1
3094,0,0,1,1,0,0,1
3095,0,1,1,0,1,1,1
3096,0,1,0,0,0,1,0
3097,1,1,0,0,0,1,1
3098,0,0,0,0,0,0,0
3099,1,1,1,1,0,1,1
3100,1,1,0,0,0,1,0
3101,0,0,1,1,1,0,1
3102,0,1,1,0,1,1,0
3103,0,1,1,0,1,1,1
3104,1,0,0,1,0,0,0
3105,0,1,1,1,1,1,0
3106,0,1,1,0,1,1,1
3107,0,1,0,0,0,1,1
3108,1,1,0,0,0,1,0
3110,0,1,0,0,0,1,0
3111,1,1,1,0,0,1,1
3112,0,1,0,0,1,1,1
3113,0,1,0,0,0,1,0
3115,1,1,1,1,0,1,0
3116,0,1,1,1,0,1,1
3117,0,1,1,1,1,1,1
3118,0,0,1,1,0,0,1
3119,0,1,1,1,1,1,0
3120,0,1,1,0,1,1,1
3121,0,1,1,1,1,1,0
3122,0,1,1,1,0,1,1
3123,1,1,0,0,0,1,0
3124,0,1,1,1,1,1,1
3125,1,1,1,0,1,1,1
3126,1,1,0,0,0,1,1
3127,1,0,1,1,0,0,1
3128,1,1,1,0,0,1,0
3130,1,1,1,0,0,1,0
3131,0,1,1,0,0,1,1
3132,1,1,0,0,0,1,0
3133,1,1,1,0,0,1,1
3134,0,1,1,0,1,1,0
3135,0,1,0,0,0,1,0
3136,1,1,0,0,0,1,0
3137,0,1,1,1,1,1,1
3139,1,1,0,0,0,1,1
3140,0,1,1,1,0,1,1
3141,1,1,0,0,0,1,0
3142,1,1,0,0,0,1,0
3143,1,1,1,1,0,1,1
3144,0,1,1,1,1,1,1
3145,1,1,0,0,0,1,0
3147,1,1,0,0,1,1,1
3148,0,1,0,0,0,1,0
3149,1,1,0,0,0,1,0
3150,1,1,0,0,0,1,0
3153,1,1,0,0,0,1,1
3154,0,0,1,1,1,0,1
3155,0,1,0,0,0,1,1
3156,0,1,0,0,1,1,0
3157,1,1,1,0,1,1,0
3158,0,1,0,0,0,1,1
3159,0,1,1,1,0,1,0
3160,1,1,0,0,0,1,0
3161,0,1,1,1,1,1,1
3162,0,0,1,1,0,0,1
3163,1,1,1,0,0,1,0
3164,1,1,1,0,0,1,0
3165,0,1,0,0,0,1,0
3166,1,1,0,0,0,1,0
3167,1,1,0,0,0,1,0
3169,0,1,1,1,0,1,0
3170,0,1,1,0,1,1,1
3171,1,1,1,0,0,1,1
3173,0,1,1,0,1,1,1
3174,1,1,0,0,1,1,1
3175,1,0,1,1,0,0,0
3176,1,1,0,0,1,1,1
3177,0,1,1,1,1,1,1
3178,0,1,1,0,1,1,1
3179,0,1,1,0,0,1,1
3180,0,0,0,0,0,0,0
3182,1,1,0,0,0,1,0
3183,1,1,1,0,0,1,1
3184,1,0,0,1,0,0,0
3185,1,1,0,0,0,1,1
3186,0,1,1,1,1,1,1
3187,1,1,0,0,0,1,0
3188,0,0,0,0,0,0,0
3191,1,1,0,0,0,1,1
3194,1,1,1,0,0,1,1
3196,0,1,0,0,1,1,0
3197,0,1,0,0,0,1,1
3198,0,0,1,1,0,0,0
3199,0,1,0,0,1,1,0
3200,1,1,0,0,0,1,0
3201,0,0,0,1,0,0,1
3202,1,1,0,0,0,1,1
3203,0,1,1,0,1,1,0
3204,0,1,0,0,0,1,0
3205,1,0,1,1,0,0,1
3206,0,1,1,0,1,1,1
3207,1,1,1,0,0,1,1
3208,0,0,0,0,0,0,0
3209,0,1,0,0,0,1,1
3210,1,1,0,0,0,1,0
3211,0,1,0,0,0,1,0
3212,0,1,1,0,1,1,1
3213,1,1,0,0,0,1,0
3214,0,1,0,0,0,1,0
3215,1,1,0,0,0,1,0
3216,0,1,0,0,0,1,0
3217,0,0,1,1,0,0,1
3219,1,1,0,1,0,1,0
3220,0,1,0,0,1,1,1
3221,0,1,1,0,0,1,0
3222,0,1,0,0,0,1,0
3223,0,1,1,1,0,1,0
3224,1,1,0,0,0,1,0
3225,1,1,0,0,0,1,0
3226,1,1,0,0,0,1,1
3228,0,1,1,0,1,1,0
3229,0,1,1,0,1,1,0
3230,0,1,0,0,0,1,0
3231,1,1,1,0,1,1,1
3232,0,1,0,0,0,1,0
3233,1,1,0,0,0,1,0
3234,1,1,0,0,0,1,0
3235,0,1,1,0,0,1,1
3237,1,1,1,0,0,1,1
3238,0,1,0,0,0,1,0
3239,1,1,0,0,0,1,0
3241,1,1,0,0,0,1,1
3242,0,1,0,0,0,1,1
3243,1,1,0,0,0,1,0
3245,1,1,0,0,1,1,1
3246,0,0,1,1,1,0,1
3247,1,1,0,0,0,1,1
3248,0,1,1,1,1,1,1
3249,0,1,1,0,1,1,0
3250,0,1,1,0,1,1,1
3251,0,0,1,1,0,0,1
3252,0,1,0,0,0,1,0
3253,0,1,0,0,0,1,1
3254,1,1,1,1,0,1,1
3255,0,1,1,0,0,1,1
3256,1,1,1,0,0,1,1
3257,0,0,1,1,0,0,0
3258,1,0,1,1,0,0,1
3259,1,1,1,0,0,1,0
3260,0,1,0,0,0,1,0
3261,0,0,1,1,1,0,1
3262,1,1,0,0,0,1,0
3263,0,0,0,0,0,0,1
3264,0,1,1,1,1,1,1
3265,0,0,0,0,0,0,0
3266,1,1,0,0,0,1,0
3267,1,1,0,0,0,1,0
3268,0,0,0,1,0,0,1
3269,1,1,0,0,0,1,0
3270,1,1,0,0,0,1,1
3271,0,1,1,1,1,1,1
3273,0,1,1,0,0,1,0
3274,1,1,0,0,0,1,1
3275,1,1,1,1,1,1,1
3276,0,1,0,0,0,1,0
3277,0,1,0,0,0,1,1
3278,0,1,0,0,0,1,0
3279,0,1,1,1,1,1,1
3280,0,0,1,1,0,0,0
3281,1,1,0,0,0,1,0
3282,0,1,0,0,1,1,1
3284,0,1,1,0,0,1,1
3286,1,1,1,1,0,1,0
3287,1,1,0,0,0,1,0
3288,0,1,1,0,1,1,1
3289,0,0,0,1,0,0,1
3290,0,1,1,1,1,1,0
3292,0,1,0,0,0,1,0
3293,0,1,1,0,0,1,0
3294,0,1,0,0,0,1,1
3295,1,1,1,0,0,1,1
3296,1,1,0,0,0,1,1
3297,1,1,0,0,0,1,0
3298,0,0,1,0,0,0,1
3299,0,1,0,0,0,1,1
3300,0,1,0,0,0,1,1
3301,1,1,0,0,0,1,0
3302,0,0,1,1,0,0,1
3303,1,0,0,0,0,0,0
3304,1,0,0,0,0,0,0
3305,0,1,0,0,0,1,0
3306,0,0,1,1,1,0,1
3307,0,1,1,0,0,1,1
3308,1,1,0,0,1,1,1
3309,0,1,1,0,0,1,0
3310,0,1,1,0,1,1,0
3311,0,1,0,0,0,1,0
3312,1,0,1,1,0,0,1
3313,0,1,1,0,1,1,1
3314,0,1,0,0,0,1,1
3315,1,1,0,0,0,1,1
3316,1,1,0,0,0,1,0
3317,0,1,0,0,0,1,0
3318,1,1,0,0,0,1,0
3319,1,1,0,0,0,1,1
3320,1,1,1,0,0,1,1
3321,1,1,1,0,0,1,0
3322,0,1,0,0,0,1,1
3323,0,0,0,0,0,0,1
3324,0,1,0,0,0,1,1
3325,0,1,0,0,0,1,1
3326,1,1,0,0,0,1,0
3327,1,1,1,1,0,1,1
3330,1,1,0,0,0,1,0
3335,0,0,1,1,0,0,1
3336,1,1,0,0,0,1,0
3337,1,0,0,1,0,0,1
3338,0,0,0,0,0,0,0
3339,1,1,0,0,1,1,1
3340,1,1,0,0,0,1,1
3341,1,1,0,0,0,1,0
3342,1,1,0,0,0,1,0
3343,1,1,0,0,1,1,1
3344,0,0,1,1,0,0,0
3345,1,1,0,0,0,1,0
3346,1,1,0,0,0,1,1
3347,0,1,1,0,1,1,0
3348,1,1,0,0,0,1,1
3349,0,1,0,0,0,1,1
3350,0,1,0,0,0,1,0
3351,1,1,0,0,0,1,0
3352,1,1,1,1,1,1,1
3353,1,0,0,0,0,0,0
3354,1,1,0,0,0,1,0
3355,0,0,0,1,0,0,0
3356,1,1,0,0,0,1,0
3357,0,0,1,1,0,0,1
3358,1,1,1,0,1,1,0
3359,0,1,1,1,1,1,1
3360,1,0,1,0,0,0,0
3361,0,0,1,1,0,0,1
3362,0,1,1,1,1,1,1
3363,0,1,0,0,0,1,0
3365,0,1,1,0,0,1,0
3366,1,1,0,0,0,1,0
3367,1,0,1,1,0,0,0
3368,1,1,0,0,0,1,0
3369,1,1,0,0,1,1,1
3370,1,1,0,0,0,1,1
3371,1,1,0,0,1,1,1
3373,0,1,1,1,0,1,1
3374,0,1,0,0,1,1,0
3375,0,0,1,1,0,0,0
3376,1,0,1,1,0,0,1
3379,0,1,1,1,0,1,1
3380,1,1,0,0,0,1,0
3381,1,1,0,0,0,1,1
3382,1,1,0,0,0,1,0
3383,0,0,1,1,0,0,1
3384,0,1,0,0,1,1,0
3385,1,1,1,0,0,1,0
3386,0,1,1,1,1,1,0
3387,0,0,1,1,0,0,0
3388,0,0,0,0,0,0,1
3389,1,1,1,1,1,1,1
3391,1,1,0,0,1,1,0
3392,1,1,0,0,0,1,0
3393,0,1,1,0,1,1,0
3394,1,1,1,0,1,1,0
3395,0,1,1,0,1,1,1
3396,0,1,0,0,0,1,1
3397,0,1,0,0,1,1,0
3398,1,1,1,0,0,1,0
3400,0,1,1,1,1,1,1
3401,1,1,0,0,0,1,0
3402,0,1,0,0,0,1,1
3403,1,1,1,0,0,1,0
3404,0,1,0,0,0,1,0
3405,0,1,0,0,0,1,0
3406,0,1,1,1,0,1,1
3407,1,1,1,1,1,1,1
3408,0,1,1,0,1,1,1
3409,0,0,1,1,0,0,1
3410,1,1,1,1,0,1,1
3411,1,1,0,0,0,1,1
3412,1,1,0,0,0,1,0
3413,0,1,0,0,0,1,0
3414,0,1,1,0,1,1,0
3415,1,0,1,1,0,0,0
3416,0,1,1,0,0,1,1
3417,1,0,0,1,0,0,0
3418,1,0,0,0,0,0,0
3419,0,1,0,0,0,1,0
3420,0,1,0,0,0,1,1
3421,0,1,1,0,0,1,1
3422,1,1,1,0,0,1,0
3423,0,1,1,0,0,1,1
3424,0,1,1,1,1,1,1
3425,1,0,0,0,0,0,0
3426,0,1,0,0,1,1,0
3427,0,1,0,0,0,1,0
3428,0,1,0,0,0,1,0
3429,1,1,0,0,0,1,0
3430,0,1,0,1,1,1,1
3431,1,1,0,0,0,1,0
3432,0,1,1,1,0,1,0
3433,0,1,0,0,1,1,1
3434,0,1,1,1,0,1,0
3435,0,0,1,1,0,0,1
3436,0,1,0,0,0,1,0
3437,0,0,1,1,0,0,1
3438,1,1,0,0,0,1,0
3439,0,1,0,0,0,1,0
3440,0,1,1,0,0,1,0
3441,0,1,0,0,0,1,0
3442,1,1,0,0,0,1,0
3443,0,1,1,1,1,1,0
3444,0,1,1,0,1,1,1
3445,0,1,0,0,1,1,0
3446,1,1,0,0,0,1,0
3447,0,1,0,0,0,1,0
3448,1,1,0,0,1,1,1
3449,1,0,1,1,0,0,1
3450,1,0,1,1,1,0,1
3451,0,1,1,1,1,1,1
3452,0,1,0,0,0,1,0
3453,1,1,1,1,0,1,1
3454,0,1,0,0,0,1,0
3455,0,0,1,1,0,0,0
3456,1,1,0,0,1,1,0
3457,1,1,1,0,1,1,1
3458,0,1,1,0,0,1,0
3459,1,0,1,0,0,0,0
3460,0,1,1,1,0,1,1
3461,1,1,0,0,0,1,0
3462,0,1,1,0,0,1,0
3463,1,1,0,0,1,1,0
3464,0,1,1,0,0,1,0
3465,1,0,1,1,0,0,1
3466,0,0,1,1,0,0,1
3467,1,1,0,0,0,1,0
3469,1,1,0,0,0,1,0
3471,0,1,0,0,0,1,0
3472,0,1,0,0,1,1,1
3474,0,1,1,1,0,1,1
3475,0,1,1,1,0,1,0
3476,0,0,1,1,0,0,1
3477,0,1,0,0,0,1,0
3479,0,0,0,1,0,0,1
3480,1,1,0,0,0,1,0
3484,1,1,0,0,0,1,1
3485,1,1,0,0,0,1,0
3486,1,1,1,0,1,1,1
3488,0,1,1,1,0,1,0
3491,0,1,0,0,0,1,0
3492,0,1,0,0,0,1,0
3493,1,1,0,0,0,1,0
3494,1,1,0,0,0,1,0
3496,0,1,1,0,1,1,1
3497,1,1,0,0,0,1,0
3498,1,1,0,0,0,1,1
3499,0,0,1,1,0,0,1
3500,0,1,0,0,1,1,0
3501,0,1,1,0,1,1,1
3502,1,1,0,0,0,1,0
3503,1,1,1,1,0,1,1
3504,0,1,1,1,0,1,0
3505,1,1,0,0,0,1,1
3506,0,1,0,0,0,1,0
3507,1,1,0,0,0,1,0
3509,0,1,0,0,0,1,0
3510,0,1,1,0,0,1,0
3511,1,1,0,0,1,1,0
3513,0,0,1,1,0,0,0
3514,1,1,0,0,0,1,1
3515,0,0,1,1,1,0,1
3516,1,1,0,0,0,1,0
3517,1,1,1,0,1,1,1
3518,0,1,0,0,0,1,0
3519,0,1,0,0,0,1,0
3520,0,1,1,0,0,1,1
3521,1,1,1,0,1,1,0
3522,0,0,1,1,0,0,0
3523,0,1,1,1,0,1,0
3524,0,1,0,0,0,1,1
3525,0,0,0,0,0,0,0
3527,0,1,1,1,1,1,1
3528,0,1,1,0,1,1,1
3529,1,0,1,1,0,0,1
3530,0,1,0,0,1,1,1
3531,1,1,1,0,1,1,1
3532,0,0,1,1,0,0,1
3533,0,1,1,1,1,1,1
3534,1,1,1,0,0,1,1
3535,1,1,0,0,0,1,1
3537,1,0,1,1,0,0,1
3538,0,1,0,0,1,1,0
3539,1,1,1,0,0,1,0
3540,0,1,0,0,0,1,1
3541,0,1,0,0,0,1,0
3542,0,1,1,1,1,1,1
3543,0,1,1,0,1,1,0
3544,0,1,1,0,0,1,1
3545,0,1,1,0,1,1,1
3547,0,0,0,1,0,0,0
3548,0,0,1,1,0,0,1
3549,0,1,0,0,0,1,0
3550,0,1,0,0,0,1,0
3551,1,1,0,0,1,1,1
3553,0,1,1,0,0,1,1
3554,1,1,0,0,0,1,0
3555,0,0,1,1,0,0,0
3557,0,1,1,0,1,1,1
3558,0,1,1,0,1,1,1
3559,0,1,1,1,1,1,1
3560,0,1,1,1,1,1,1
3561,0,1,1,0,0,1,1
3562,0,1,1,1,1,1,1
3563,0,1,1,1,0,1,1
3564,0,1,0,0,0,1,0
3565,1,1,1,1,0,1,1
3566,1,0,1,1,0,0,0
3567,0,1,1,1,0,1,0
3568,0,1,1,0,1,1,1
3569,0,1,0,0,0,1,0
3570,1,1,0,0,0,1,1
3571,0,0,1,1,1,0,1
3574,1,1,1,0,1,1,1
3575,0,0,1,1,0,0,1
3576,0,1,0,0,1,1,1
3577,0,0,1,1,0,0,1
3578,0,1,0,0,0,1,0
3579,1,1,0,0,1,1,0
3580,1,1,0,0,0,1,0
3581,1,1,0,0,1,1,0
3582,0,1,0,0,0,1,1
3583,1,1,0,0,0,1,0
3584,0,1,0,0,0,1,0
3585,0,1,0,0,0,1,1
3587,0,1,0,0,1,1,0
3588,0,0,1,1,1,0,1
3589,0,0,1,1,0,0,0
3591,0,1,0,0,0,1,0
3593,1,1,1,0,1,1,1
3594,0,1,0,0,0,1,0
3596,1,1,1,0,0,1,0
3597,1,1,1,1,0,1,1
3599,0,1,1,1,1,1,1
3600,0,1,1,0,0,1,0
3601,0,0,1,1,0,0,1
3602,1,1,1,0,1,1,0
3603,1,1,0,0,0,1,1
3604,0,0,0,1,0,0,0
3605,1,1,1,0,0,1,1
3606,0,1,1,1,1,1,1
3607,0,1,1,0,0,1,0
3608,0,1,0,0,1,1,1
3609,0,1,1,1,1,1,1
3611,0,1,1,0,1,1,1
3612,0,0,1,1,0,0,1
3613,0,1,1,0,1,1,0
3614,1,1,0,0,0,1,0
3615,0,1,1,1,1,1,0
3616,0,1,0,0,0,1,0
3618,0,0,1,1,0,0,1
3619,1,1,1,0,1,1,1
3620,0,1,1,0,1,1,1
3621,1,1,1,0,0,1,1
3623,0,1,1,1,1,1,1
3624,0,0,0,0,0,0,0
3625,0,1,0,0,1,1,1
3626,1,1,0,0,1,1,0
3627,1,1,0,0,0,1,0
3628,0,1,0,0,0,1,0
3629,0,1,0,0,0,1,0
3630,1,1,0,0,0,1,0
3631,0,1,0,0,0,1,1
3632,0,0,1,1,0,0,1
3633,1,1,0,0,0,1,1
3634,1,1,0,0,0,1,0
3636,1,0,0,0,0,0,0
3637,0,1,1,0,1,1,1
3638,1,0,0,1,0,0,0
3639,0,1,0,0,0,1,0
3640,0,1,1,1,1,1,1
3642,1,1,0,0,1,1,0
3643,0,1,0,0,1,1,0
3644,0,1,1,1,0,1,1
3645,1,1,0,0,0,1,0
3646,1,1,0,1,0,1,0
3647,0,1,1,0,0,1,0
3648,1,1,1,0,1,1,1
3649,0,0,0,1,0,0,1
3650,1,1,0,0,0,1,0
3651,1,1,0,0,0,1,1
3653,0,0,0,0,0,0,0
3654,0,1,1,1,1,1,1
3656,0,0,1,1,0,0,1
3658,0,1,1,1,1,1,0
3659,1,0,0,1,0,0,1
3660,1,1,0,0,0,1,0
3661,1,1,0,0,0,1,1
3665,0,0,1,1,0,0,1
3666,0,1,0,0,0,1,1
3667,0,1,1,0,1,1,1
3668,1,1,0,0,0,1,0
3669,1,1,0,0,1,1,1
3670,0,1,0,0,0,1,0
3671,1,1,0,0,0,1,1
3672,0,1,0,0,1,1,0
3673,1,1,1,1,0,1,1
3674,1,1,0,0,0,1,0
3675,0,1,1,1,1,1,1
3676,1,1,0,0,0,1,0
3677,0,1,1,0,1,1,1
3678,1,1,0,0,0,1,0
3680,0,1,0,0,0,1,1
3681,1,1,0,0,0,1,0
3682,1,1,0,0,0,1,0
3683,0,1,1,0,0,1,0
3684,1,1,0,0,0,1,0
3685,0,1,1,1,0,1,1
3686,1,1,1,0,1,1,1
3687,0,0,1,1,0,0,1
3688,0,0,0,1,0,0,0
3689,0,1,1,0,0,1,1
3690,0,1,0,0,0,1,0
3691,1,1,0,0,0,1,0
3692,0,1,0,0,0,1,0
3693,0,0,1,1,0,0,0
3694,0,1,0,0,0,1,0
3695,0,1,0,0,0,1,1
3696,0,1,1,0,1,1,1
3698,0,1,0,0,0,1,0
3699,0,1,0,0,0,1,1
3700,0,0,1,1,0,0,0
3701,0,1,1,0,0,1,0
3702,1,1,1,0,1,1,1
3703,0,1,0,0,0,1,0
3704,0,1,0,0,0,1,0
3705,1,0,0,0,0,0,0
3707,1,1,0,0,0,1,1
3710,0,1,0,0,0,1,0
3711,1,1,1,0,0,1,1
3712,0,1,1,0,0,1,1
3713,0,1,1,1,1,1,1
3714,1,0,0,1,0,0,0
3715,1,1,0,0,0,1,0
3716,0,0,0,1,0,0,1
3717,0,1,0,0,0,1,0
3718,0,0,1,1,0,0,1
3719,1,1,0,0,0,1,0
3720,0,1,0,0,0,1,0
3721,0,1,1,1,0,1,1
3722,1,1,1,0,0,1,1
3723,0,0,1,1,0,0,1
3724,0,1,0,0,0,1,0
3725,1,1,1,1,0,1,0
3726,0,0,1,1,0,0,1
3727,0,1,0,0,0,1,0
3728,0,1,1,1,1,1,1
3729,0,1,0,0,0,1,1
3730,0,0,1,1,0,0,0
3731,1,1,0,0,0,1,1
3732,1,0,0,0,0,0,0
3733,0,1,0,0,0,1,0
3734,0,1,0,0,0,1,0
3735,0,0,1,1,0,0,0
3736,0,0,0,0,0,0,0
3737,0,1,0,0,0,1,1
3738,1,1,1,1,0,1,1
3739,1,0,1,0,0,0,1
3740,0,0,1,1,0,0,1
3742,0,1,1,1,0,1,1
3743,0,0,1,1,0,0,1
3744,0,1,1,0,0,1,0
3745,1,1,0,0,0,1,1
3746,1,1,1,1,1,1,1
3747,1,1,0,0,0,1,0
3748,1,1,0,0,0,1,0
3749,0,1,1,1,1,1,1
3750,1,1,0,0,0,1,0
3751,1,1,0,0,0,1,0
3752,0,1,0,0,1,1,0
3753,0,0,1,1,0,0,0
3754,1,1,1,0,0,1,0
3755,0,1,1,0,1,1,1
3756,1,1,1,0,0,1,0
3757,0,1,0,0,0,1,0
3758,0,1,0,0,0,1,0
3759,1,1,1,0,0,1,0
3760,1,1,1,1,0,1,0
3761,0,1,1,1,1,1,1
3762,0,1,0,0,0,1,0
3764,0,1,1,0,0,1,0
3765,1,1,1,0,0,1,0
3766,0,1,1,1,0,1,1
3767,0,1,0,0,0,1,0
3768,1,1,1,1,0,1,0
3770,0,1,1,1,0,1,0
3771,1,1,0,0,0,1,0
3772,1,0,1,1,0,0,1
3773,0,0,0,1,0,0,0
3775,0,0,0,0,0,0,1
3776,0,1,1,1,0,1,1
3777,0,1,1,0,0,1,1
3778,0,0,0,1,0,0,0
3779,0,1,1,1,0,1,1
3780,0,0,1,1,1,0,1
3782,1,0,1,1,0,0,0
3783,1,1,0,0,0,1,1
3785,0,0,0,1,0,0,1
3786,1,1,0,0,0,1,1
3787,1,1,0,0,0,1,1
3788,0,1,1,1,1,1,1
3789,0,1,1,1,0,1,0
3790,1,1,0,0,0,1,0
3791,0,1,1,0,1,1,1
3792,1,1,0,0,0,1,0
3793,0,1,1,0,0,1,0
3794,1,1,0,0,0,1,0
3796,0,1,1,1,1,1,1
3797,1,1,0,0,0,1,0
3798,0,0,1,1,0,0,0
3799,0,1,0,0,0,1,0
3800,1,1,0,0,0,1,0
3802,0,1,1,1,1,1,1
3805,0,1,0,0,1,1,0
3806,0,1,0,0,0,1,0
3807,1,1,0,0,0,1,0
3808,1,1,0,0,1,1,1
3809,0,0,0,0,0,0,1
3810,1,0,1,1,0,0,0
3811,0,0,0,1,0,0,0
3812,1,1,1,1,0,1,0
3813,1,1,0,0,0,1,0
3814,0,1,0,0,1,1,1
3815,1,1,0,0,0,1,1
3816,0,0,0,1,0,0,1
3818,0,1,1,0,0,1,0
3819,0,0,1,1,0,0,1
3820,0,0,1,1,0,0,1
3821,1,0,0,0,0,0,0
3823,0,0,1,1,0,0,0
3824,0,1,0,0,0,1,0
3825,1,1,0,0,0,1,1
3827,0,1,0,0,0,1,0
3829,0,1,1,0,1,1,1
3830,0,1,0,1,0,1,1
3831,1,1,0,0,0,1,0
3832,1,0,1,0,0,0,1
3834,1,0,0,1,0,0,1
3835,1,1,1,0,0,1,1
3836,0,1,0,0,1,1,1
3837,0,0,1,1,0,0,1
3838,0,1,1,0,0,1,0
3839,1,1,1,0,0,1,1
3840,1,1,1,1,1,1,1
3842,1,1,0,0,0,1,1
3843,0,1,0,0,0,1,0
3844,1,1,0,0,0,1,0
3845,1,0,0,1,0,0,1
3846,0,1,0,0,1,1,0
3847,0,1,0,0,0,1,0
3848,0,1,1,0,1,1,1
3849,0,0,1,1,0,0,0
3850,1,1,1,1,1,1,0
3851,1,0,1,1,0,0,0
3852,0,1,0,0,0,1,0
3853,1,1,1,0,0,1,1
3855,0,1,1,1,1,1,1
3856,1,1,0,0,0,1,0
3857,1,1,1,0,0,1,0
3859,0,1,1,0,1,1,1
3860,0,1,1,0,0,1,0
3861,1,1,0,0,0,1,1
3862,0,0,0,1,0,0,1
3863,0,1,1,1,0,1,0
3864,0,1,1,0,0,1,0
3866,1,1,0,0,0,1,0
3867,0,1,0,0,0,1,1
3868,0,0,1,0,0,0,0
3869,0,0,0,0,0,0,0
3871,0,1,1,0,1,1,1
3872,0,1,1,1,1,1,1
3874,0,1,1,0,1,1,1
3875,0,0,1,1,0,0,0
3876,0,1,0,0,0,1,1
3877,0,1,1,0,1,1,0
3878,0,1,0,0,0,1,0
3879,0,1,0,0,0,1,0
3880,0,0,1,1,0,0,1
3881,1,1,0,0,0,1,1
3882,0,1,1,0,0,1,1
3883,1,1,0,0,0,1,0
3884,0,1,0,0,0,1,0
3885,1,0,1,1,0,0,1
3886,0,1,0,0,0,1,0
3887,0,0,1,1,0,0,1
3888,1,1,0,0,0,1,0
3889,1,1,0,0,0,1,0
3890,0,1,0,0,0,1,1
3891,0,0,0,0,0,0,1
3892,1,1,0,0,0,1,0
3893,0,0,1,1,0,0,1
3894,0,1,1,0,0,1,1
3895,0,1,1,0,0,1,0
3896,1,1,0,0,0,1,1
3897,1,1,1,0,0,1,0
3898,0,0,1,1,0,0,0
3899,0,0,1,1,0,0,1
3900,0,1,1,1,0,1,1
3902,0,1,0,0,0,1,0
3903,0,1,1,1,0,1,1
3904,1,1,0,0,0,1,0
3906,1,0,0,1,0,0,0
3907,0,1,1,0,1,1,1
3908,0,1,1,0,1,1,1
3909,0,0,1,1,0,0,1
3910,1,1,0,0,0,1,0
3912,1,1,0,0,0,1,0
3913,0,1,1,1,1,1,1
3914,1,1,0,0,0,1,1
3916,0,1,0,0,0,1,0
3918,0,1,0,0,0,1,1
3919,0,0,1,1,0,0,1
3920,0,1,0,1,0,1,1
3921,0,0,0,0,0,0,0
3922,0,1,0,0,1,1,1
3923,1,0,1,1,0,0,0
3924,1,1,1,0,0,1,1
3925,0,1,0,0,1,1,0
3926,0,1,1,1,1,1,1
3927,0,1,0,0,0,1,1
3928,0,1,1,0,1,1,0
3929,0,1,0,0,0,1,0
3930,1,0,0,1,0,0,0
3931,1,1,0,0,0,1,1
3932,0,1,0,0,0,1,1
3933,1,1,1,0,0,1,0
3934,1,1,1,1,0,1,0
3935,0,1,0,0,0,1,1
3936,0,1,0,0,1,1,0
3937,0,1,0,0,0,1,1
3938,1,1,0,0,1,1,1
3939,0,1,1,1,1,1,1
3941,1,1,0,0,0,1,0
3942,0,0,1,1,0,0,0
3943,1,1,0,0,0,1,1
3945,0,1,1,1,1,1,1
3946,1,1,0,0,0,1,1
3947,1,0,1,1,0,0,0
3948,0,0,1,1,0,0,1
3949,0,1,0,0,0,1,0
3950,0,1,1,1,0,1,0
3952,0,1,0,0,0,1,1
3953,0,1,0,0,0,1,0
3954,0,1,0,0,0,1,0
3955,1,1,0,0,0,1,0
3956,0,1,1,1,1,1,0
3957,1,0,1,0,0,0,1
3958,0,1,0,0,1,1,1
3959,1,0,1,1,0,0,1
3960,1,0,1,1,0,0,1
3961,1,1,0,0,0,1,1
3962,0,1,1,1,1,1,1
3963,1,1,1,1,0,1,0
3964,1,1,0,0,0,1,0
3966,1,0,1,0,0,0,0
3968,1,1,0,0,0,1,0
3970,0,0,1,1,0,0,1
3971,0,1,0,0,0,1,0
3972,0,1,1,1,1,1,1
3973,1,0,1,0,0,0,0
3974,1,1,1,0,0,1,1
3975,0,1,1,1,1,1,1
3976,0,1,1,0,1,1,1
3977,1,1,1,0,0,1,0
3978,1,1,0,0,0,1,1
3979,0,1,1,0,1,1,1
3980,0,0,0,1,0,0,1
3981,0,1,1,1,1,1,0
3982,1,1,0,0,0,1,0
3983,0,0,1,1,0,0,0
3984,1,1,0,0,0,1,1
3986,0,1,0,0,0,1,1
3987,0,1,1,0,1,1,0
3988,1,1,0,0,0,1,0
3990,1,1,0,1,0,1,1
3991,0,1,0,0,1,1,1
3992,0,1,1,1,0,1,1
3993,0,1,0,0,0,1,0
3994,1,1,0,0,0,1,0
3996,0,1,0,0,0,1,0
3997,0,1,1,1,0,1,0
3998,0,1,0,1,0,1,1
4000,1,0,0,1,0,0,0
4001,0,0,1,1,0,0,1
4002,0,0,0,1,0,0,0
4003,1,1,0,0,0,1,0
4004,0,1,0,0,0,1,0
4006,1,1,1,0,0,1,1
4008,0,0,1,1,1,0,1
4009,0,1,1,1,0,1,1
4010,0,1,0,0,1,1,1
4011,1,1,0,0,0,1,0
4012,0,1,1,0,0,1,0
4013,0,1,1,0,0,1,0
4014,1,0,1,1,0,0,0
4015,1,1,0,0,0,1,0
4016,1,1,0,0,0,1,0
4018,0,1,1,1,1,1,1
4020,0,1,1,1,0,1,1
4022,1,1,0,0,0,1,0
4023,0,1,1,0,1,1,1
4024,1,0,0,1,0,0,1
4027,0,1,0,0,1,1,0
4028,1,1,1,0,0,1,0
4029,0,0,1,1,0,0,1
4030,0,1,1,0,0,1,0
4031,0,0,1,1,0,0,0
4032,0,1,0,0,0,1,0
4033,1,1,0,0,0,1,0
4034,1,1,1,1,0,1,1
4036,0,1,1,1,0,1,0
4037,0,1,1,0,1,1,1
4038,0,1,0,0,1,1,1
4039,0,1,1,1,1,1,1
4040,0,1,0,1,0,1,0
4041,1,1,1,0,1,1,1
4042,0,1,0,0,0,1,0
4043,0,0,0,0,0,0,1
4044,0,1,1,1,1,1,1
4045,1,1,0,0,1,1,1
4046,1,1,0,0,0,1,0
4047,1,1,0,0,0,1,1
4048,0,1,1,0,0,1,0
4050,1,1,0,0,0,1,0
4051,1,1,0,0,0,1,0
4053,0,1,0,0,0,1,0
4054,0,0,0,1,0,0,0
4055,0,1,0,0,0,1,1
4056,0,1,1,1,1,1,1
4057,1,0,0,0,0,0,0
4058,0,0,1,0,0,0,1
4059,0,1,1,1,0,1,0
4060,0,1,1,1,0,1,1
4061,1,0,0,1,0,0,1
4062,0,1,1,1,0,1,1
4063,1,0,0,0,0,0,1
4064,0,1,1,1,1,1,1
4065,1,1,1,1,1,1,0
4067,0,1,1,0,1,1,0
4068,1,0,0,0,0,0,0
4069,1,1,0,0,0,1,0
4070,1,1,0,0,0,1,0
4071,0,1,1,0,1,1,0
4072,1,1,0,0,0,1,0
4073,1,1,0,0,0,1,0
4074,0,1,0,0,0,1,1
4075,0,1,1,0,1,1,1
4076,1,1,0,0,0,1,0
4077,0,1,1,1,0,1,0
4078,1,1,1,0,0,1,0
4079,0,0,1,1,0,0,1
4080,1,1,1,1,0,1,0
4081,0,1,1,0,0,1,1
4082,0,1,1,1,1,1,1
4083,0,1,1,1,1,1,0
4084,0,1,1,0,1,1,0
4087,0,1,0,0,0,1,0
4088,0,1,1,1,1,1,1
4089,0,1,1,1,0,1,1
4090,0,1,1,0,1,1,1
4091,1,1,0,0,0,1,0
4093,1,1,0,0,0,1,1
4094,1,1,0,0,1,1,0
4096,1,1,1,1,1,1,1
4097,0,0,1,0,0,0,1
4098,0,1,1,1,0,1,0
4099,1,1,0,0,0,1,1
4100,1,0,1,1,0,0,1
4101,0,1,1,1,0,1,0
4103,0,1,1,1,1,1,1
4104,1,1,0,0,0,1,0
4105,0,0,1,1,0,0,0
4106,0,1,0,0,0,1,0
4107,0,1,0,0,0,1,1
4108,1,1,1,0,0,1,1
4110,0,1,1,1,1,1,1
4111,0,0,1,1,0,0,1
4113,0,0,1,1,0,0,1
4114,0,1,1,1,0,1,1
4115,1,1,0,0,0,1,1
4116,0,1,1,1,0,1,1
4117,1,1,0,0,0,1,1
4118,1,1,0,0,0,1,0
4119,0,1,1,1,0,1,1
4120,0,0,0,1,0,0,1
4121,0,1,1,1,0,1,0
4122,0,1,0,0,0,1,0
4124,1,1,0,0,0,1,0
4125,1,1,0,0,0,1,0
4128,1,0,0,1,0,0,0
4129,0,0,1,1,1,0,1
4130,1,1,0,0,0,1,0
4131,0,1,1,0,0,1,1
4132,0,1,1,1,1,1,0
4133,0,1,1,1,1,1,1
4134,0,0,0,1,0,0,1
4135,0,1,1,1,0,1,1
4136,0,1,1,0,0,1,0
4137,0,1,1,1,1,1,1
4138,1,0,0,1,0,0,1
4139,1,1,0,0,0,1,1
4140,0,0,1,1,0,0,1
4141,1,1,1,0,1,1,0
4143,0,0,1,1,0,0,1
4144,0,1,0,0,0,1,0
4145,0,0,1,1,0,0,1
4146,0,1,1,1,1,1,1
4149,0,1,0,0,0,1,0
4150,1,1,1,0,0,1,1
4151,1,0,1,1,1,0,1
4152,0,0,1,1,0,0,1
4153,1,1,0,0,0,1,0
4154,0,1,1,1,1,1,0
4155,1,1,0,0,0,1,1
4156,0,0,1,1,0,0,1
4158,1,1,1,0,0,1,0
4159,0,0,1,1,0,0,0
4160,1,1,0,0,0,1,1
4161,1,1,0,0,0,1,0
4162,0,0,0,1,0,0,0
4163,0,1,1,1,0,1,1
4164,0,1,0,0,0,1,0
4165,0,0,0,0,0,0,0
4166,0,1,1,1,1,1,0
4167,0,1,1,1,1,1,0
4168,1,0,1,1,0,0,1
4169,1,1,1,0,0,1,0
4170,0,1,0,0,0,1,0
4171,1,1,1,0,1,1,1
4172,0,1,0,0,0,1,1
4173,0,1,1,0,1,1,0
4176,0,1,0,0,0,1,0
4177,0,0,1,1,0,0,0
4179,1,1,0,0,0,1,0
4180,0,0,1,1,0,0,0
4181,0,1,0,0,0,1,0
4182,0,1,1,1,1,1,1
4183,0,1,1,1,1,1,1
4184,0,1,0,0,0,1,1
4185,0,0,1,1,0,0,0
4186,0,1,1,1,1,1,1
4187,0,1,1,1,1,1,1
4189,1,1,0,0,0,1,1
4190,0,0,1,1,0,0,1
4191,1,0,0,1,0,0,0
4192,1,1,0,0,0,1,0
4194,1,1,1,1,0,1,1
4195,0,1,1,0,0,1,1
4196,1,1,0,0,0,1,0
4197,0,1,0,0,1,1,0
4198,0,0,1,1,0,0,0
4199,0,1,1,0,0,1,1
4200,1,0,1,1,0,0,0
4201,1,0,1,1,0,0,1
4202,0,1,0,1,0,1,1
4203,0,1,1,1,1,1,1
4204,1,1,1,0,0,1,0
4205,0,0,1,1,0,0,1
4206,0,1,1,0,0,1,0
4207,0,0,1,1,0,0,1
4208,1,1,1,0,0,1,0
4209,1,0,1,1,0,0,0
4210,0,0,1,1,0,0,1
4211,1,1,0,0,0,1,0
4212,0,1,0,0,0,1,0
4213,1,1,0,0,1,1,1
4214,0,1,0,0,0,1,0
4216,0,1,0,0,0,1,0
4217,0,0,1,1,0,0,1
4218,0,0,1,1,0,0,1
4219,1,1,1,0,0,1,0
4220,0,0,1,1,0,0,1
4221,0,1,1,1,0,1,1
4222,0,1,0,0,0,1,0
4223,0,1,1,0,0,1,0
4224,0,1,0,0,1,1,1
4225,0,1,0,0,0,1,1
4227,1,0,0,1,0,0,1
4228,0,1,1,1,1,1,0
4229,0,1,0,0,0,1,1
4230,1,1,0,0,0,1,1
4231,1,1,0,0,0,1,0
4233,0,1,1,0,1,1,1
4234,1,1,0,0,1,1,0
4235,0,1,1,0,1,1,1
4237,1,0,1,0,0,0,0
4238,1,0,1,1,0,0,0
4239,1,1,0,0,0,1,0
4240,0,1,0,0,0,1,0
4241,0,0,0,1,0,0,1
4243,1,1,0,0,0,1,0
4244,1,0,1,1,0,0,0
4245,1,1,0,0,1,1,0
4246,1,1,1,0,0,1,1
4247,1,1,1,1,1,1,0
4248,0,1,1,1,0,1,0
4249,1,1,0,0,0,1,0
4250,0,1,0,0,0,1,0
4251,0,1,0,0,0,1,0
4252,1,1,1,0,1,1,1
4253,0,1,1,1,1,1,1
4254,0,1,1,1,0,1,1
4256,0,1,0,0,0,1,0
4257,0,1,0,0,0,1,1
4260,0,1,1,1,1,1,1
4261,0,1,0,0,0,1,1
4262,0,0,1,1,0,0,1
4265,0,1,0,0,1,1,0
4267,0,1,1,1,1,1,1
4269,1,1,0,0,0,1,0
4270,0,1,0,0,0,1,1
4271,1,1,1,0,1,1,1
4272,0,0,0,0,0,0,0
4273,1,1,1,0,1,1,1
4274,1,1,0,0,0,1,1
4276,0,1,0,0,0,1,0
4278,0,1,0,0,0,1,0
4279,0,0,1,1,0,0,1
4281,1,0,1,1,0,0,1
4282,0,1,0,0,0,1,0
4283,1,1,0,0,0,1,0
4284,0,1,0,0,0,1,0
4287,0,1,0,0,0,1,0
4288,1,1,1,0,0,1,1
4289,0,0,1,1,0,0,0
4290,0,1,0,0,0,1,1
4291,0,1,0,0,0,1,0
4292,0,0,0,0,0,0,0
4293,0,1,0,0,0,1,1
4294,1,1,0,0,0,1,1
4296,0,1,1,1,1,1,1
4297,0,0,1,1,1,0,1
4298,0,1,0,0,0,1,0
4300,1,1,0,0,0,1,0
4301,0,0,0,0,0,0,0
4302,1,1,1,1,1,1,1
4303,1,1,0,0,0,1,0
4304,1,1,0,0,0,1,0
4306,0,1,0,0,0,1,0
4307,0,1,1,1,0,1,1
4309,0,1,0,0,0,1,0
4310,0,0,1,1,0,0,1
4311,1,0,1,1,0,0,1
4312,1,1,0,0,0,1,0
4313,0,1,1,1,1,1,1
4314,1,1,0,0,0,1,1
4316,0,0,1,0,0,0,1
4319,0,1,1,1,0,1,0
4320,0,1,1,1,1,1,1
4321,1,1,0,0,1,1,1
4322,1,1,0,0,0,1,0
4323,0,0,1,1,0,0,1
4324,0,1,0,0,0,1,0
4325,0,1,0,0,0,1,0
4326,0,1,1,1,1,1,1
4327,0,0,0,0,0,0,1
4328,0,1,1,1,1,1,1
4329,0,1,1,0,0,1,1
4330,0,1,1,1,0,1,0
4331,1,1,0,0,0,1,0
4334,1,0,1,1,0,0,1
4335,0,0,0,1,0,0,0
4336,0,0,1,1,0,0,0
4337,0,1,0,0,1,1,1
4338,0,1,1,0,1,1,1
4339,0,1,0,0,0,1,1
4340,0,0,1,1,0,0,1
4341,0,0,1,1,0,0,1
4343,0,1,0,0,0,1,0
4344,1,1,0,0,0,1,0
4345,0,1,1,1,1,1,1
4347,1,1,0,0,0,1,1
4348,0,1,0,0,0,1,1
4349,0,1,0,0,0,1,1
4350,1,1,0,0,0,1,0
4351,0,1,0,0,0,1,0
4352,1,0,0,0,0,0,0
4353,1,1,0,0,0,1,0
4354,0,1,1,0,1,1,0
4355,0,0,1,1,0,0,1
4357,1,1,0,0,1,1,1
4358,1,1,1,0,0,1,0
4359,1,1,1,0,1,1,1
4360,0,1,0,0,0,1,0
4361,1,1,0,1,0,1,1
4365,0,0,1,1,0,0,1
4366,0,0,1,1,0,0,1
4367,1,1,1,0,0,1,1
4368,0,1,0,0,1,1,0
4369,1,1,1,1,1,1,1
4370,1,1,0,0,0,1,0
4371,0,1,1,1,1,1,0
4372,0,0,1,0,0,0,1
4373,1,1,1,1,1,1,1
4374,0,1,0,0,0,1,0
4375,0,1,0,0,0,1,1
4376,0,0,1,1,0,0,1
4377,0,1,1,0,1,1,1
4378,0,1,1,1,0,1,0
4379,0,1,1,0,1,1,1
4380,0,1,1,1,1,1,1
4381,0,0,1,1,0,0,1
4382,0,1,1,0,0,1,0
4384,1,0,0,0,0,0,0
4385,0,1,1,0,0,1,1
4386,0,1,1,1,1,1,1
4387,0,1,1,0,0,1,1
4388,1,1,0,0,0,1,0
4389,1,1,1,0,1,1,1
4390,0,1,0,0,0,1,1
4391,1,1,1,1,0,1,1
4392,1,1,0,0,0,1,0
4393,0,1,1,1,1,1,1
4394,0,1,1,1,1,1,0
4395,1,1,1,0,0,1,1
4397,1,1,1,1,0,1,0
4398,0,0,1,1,0,0,1
4399,0,1,0,0,0,1,1
4400,1,1,1,0,0,1,0
4401,1,1,1,0,0,1,1
4402,0,0,1,1,0,0,1
4403,0,1,1,0,0,1,1
4404,0,1,1,0,1,1,1
4405,0,1,0,0,0,1,0
4406,0,1,0,0,1,1,1
4407,1,1,0,0,0,1,0
4408,0,0,0,1,0,0,1
4409,0,1,0,0,0,1,0
4410,1,1,0,0,0,1,0
4412,1,1,0,0,0,1,0
4413,1,0,1,1,0,0,0
4416,0,1,0,0,0,1,1
4417,1,0,1,1,0,0,1
4420,0,1,0,0,0,1,0
4421,0,1,0,0,0,1,0
4422,0,1,0,0,0,1,0
4423,0,0,1,1,0,0,1
4425,0,0,0,1,0,0,1
4426,1,1,0,0,0,1,1
4427,0,1,0,1,0,1,0
4428,1,1,0,0,1,1,1
4429,1,1,0,1,0,1,1
4430,0,1,1,1,1,1,0
4431,0,1,0,0,1,1,1
4432,0,0,1,1,0,0,0
4433,1,1,0,0,0,1,0
4434,0,0,1,1,0,0,1
4435,1,0,1,0,0,0,1
4436,0,1,0,0,0,1,0
4437,1,1,0,0,0,1,0
4438,0,1,0,0,0,1,0
4439,0,1,1,1,0,1,0
4441,0,1,1,0,0,1,1
4442,0,0,1,1,1,0,1
4443,0,1,0,0,1,1,0
4444,0,1,0,0,1,1,0
4445,1,0,0,1,0,0,1
4446,0,1,1,0,0,1,0
4447,1,1,0,0,0,1,0
4448,0,1,0,0,0,1,0
4449,0,1,1,1,0,1,0
4450,0,1,1,1,1,1,1
4451,0,0,0,1,0,0,0
4452,0,1,1,0,1,1,0
4453,1,1,1,1,1,1,1
4454,1,1,1,0,0,1,0
4455,1,0,1,0,1,0,1
4456,0,1,0,0,0,1,0
4457,0,1,0,0,0,1,0
4459,1,1,1,1,0,1,1
4460,0,1,1,0,1,1,1
4462,1,1,0,0,0,1,0
4463,1,1,0,0,0,1,0
4464,1,0,0,0,0,0,0
4465,0,1,1,1,0,1,0
4466,1,1,0,0,0,1,0
4468,0,0,1,1,0,0,1
4469,1,1,0,0,1,1,0
4470,1,1,0,0,0,1,1
4471,0,1,0,0,0,1,0
4473,0,1,0,0,0,1,0
4474,0,1,1,1,1,1,1
4475,0,1,1,0,1,1,1
4477,1,1,1,0,0,1,1
4478,1,1,0,0,0,1,0
4479,0,1,1,1,0,1,0
4480,0,1,0,0,0,1,1
4481,1,0,1,1,1,0,1
4482,0,0,1,1,0,0,0
4483,1,1,1,0,1,1,1
4484,1,1,1,0,1,1,0
4485,0,0,0,1,0,0,0
4486,0,1,0,0,0,1,0
4487,0,0,0,1,0,0,1
4488,1,1,1,1,1,1,1
4489,0,1,0,0,1,1,1
4491,0,1,1,0,1,1,1
4492,0,1,0,0,0,1,1
4493,0,1,1,1,0,1,0
4494,1,1,0,0,0,1,0
4495,1,1,1,0,1,1,1
4496,0,1,1,1,0,1,0
4497,0,1,1,0,0,1,0
4498,0,1,1,1,1,1,1
4499,1,0,0,0,0,0,0
4500,0,1,0,0,1,1,1
4501,0,1,1,0,1,1,1
4502,1,1,1,1,1,1,1
4503,1,1,0,0,0,1,0
4504,1,1,0,0,1,1,0
4505,0,0,1,0,0,0,1
4506,0,1,0,0,1,1,0
4507,0,1,1,0,0,1,1
4508,0,1,0,0,0,1,1
4509,1,1,0,0,0,1,1
4510,1,0,1,1,0,0,1
4511,0,0,1,1,0,0,1
4512,0,1,1,1,1,1,1
4513,1,1,0,0,0,1,0
4514,0,1,1,0,1,1,1
4516,0,1,0,0,0,1,0
4517,1,1,0,0,0,1,0
4518,0,1,0,0,0,1,0
4521,1,0,1,1,1,0,1
4522,0,1,1,1,1,1,1
4523,0,0,0,0,0,0,0
4524,1,1,0,0,0,1,0
4525,1,1,0,0,0,1,0
4526,1,1,0,0,0,1,0
4527,0,0,1,1,0,0,1
4528,0,1,0,0,1,1,0
4529,0,1,0,0,0,1,0
4530,1,1,0,0,1,1,0
4531,1,1,0,0,0,1,0
4532,1,1,1,0,0,1,0
4533,0,1,1,0,1,1,1
4534,1,1,0,0,0,1,0
4535,0,1,0,0,0,1,1
4536,1,0,0,0,0,0,1
4537,1,1,1,1,1,1,0
4538,0,0,1,1,0,0,1
4539,1,1,0,0,0,1,0
4540,0,1,1,1,1,1,1
4541,0,0,1,1,0,0,1
4542,1,1,0,0,0,1,1
4543,1,1,0,0,0,1,1
4544,0,1,0,0,0,1,1
4545,0,1,1,0,0,1,0
4546,1,1,0,0,0,1,0
4547,1,1,0,0,0,1,1
4548,0,1,1,0,1,1,1
4549,0,0,1,1,0,0,0
4550,1,1,0,0,0,1,0
4551,0,1,0,0,1,1,1
4552,0,1,1,0,1,1,0
4553,0,0,1,1,0,0,1
4554,0,1,0,0,0,1,1
4555,1,1,0,0,0,1,0
4556,1,0,1,1,0,0,0
4557,0,1,1,1,0,1,1
4558,0,1,0,0,0,1,0
4559,0,0,1,1,1,0,1
4560,1,0,0,1,0,0,0
4561,1,1,1,1,0,1,1
4562,0,1,1,1,0,1,0
4563,0,1,1,0,0,1,0
4564,0,1,1,1,1,1,0
4565,1,0,0,1,0,0,0
4566,0,1,1,1,1,1,1
4567,0,1,0,0,0,1,0
4568,0,0,1,1,0,0,0
4569,0,1,1,1,0,1,1
4570,1,1,1,1,0,1,1
4572,1,1,0,0,0,1,1
4573,0,1,0,0,0,1,0
4574,0,1,1,1,1,1,1
4575,1,0,0,1,0,0,0
4576,0,0,1,0,0,0,1
4578,0,0,1,1,0,0,1
4579,0,1,1,1,0,1,0
4580,0,1,1,1,1,1,1
4581,1,1,0,0,0,1,0
4582,1,1,0,0,0,1,0
4584,1,1,0,0,0,1,0
4585,0,0,1,1,0,0,0
4586,1,1,0,0,0,1,0
4587,1,1,0,0,0,1,0
4588,0,0,1,1,0,0,0
4590,0,0,1,1,0,0,1
4591,0,1,0,0,1,1,0
4592,0,0,0,1,0,0,1
4593,0,1,0,1,0,1,0
4594,1,1,0,0,0,1,0
4595,0,1,0,0,0,1,1
4596,1,1,1,0,0,1,1
4597,0,1,0,0,0,1,0
4598,1,0,0,1,0,0,1
4599,0,0,1,1,0,0,0
4600,1,1,0,0,0,1,1
4601,1,1,0,0,0,1,1
4602,0,1,0,0,1,1,1
4603,0,0,1,1,0,0,1
4604,1,1,1,1,0,1,0
4605,1,1,0,0,0,1,0
4607,0,0,0,1,0,0,0
4608,0,0,1,1,0,0,1
4609,0,1,1,0,1,1,0
4610,1,1,1,0,1,1,1
4611,1,1,0,0,0,1,1
4612,0,1,1,1,0,1,1
4613,0,1,1,0,1,1,0
4614,1,1,0,0,0,1,1
4615,1,1,0,0,0,1,1
4617,1,1,0,0,0,1,0
4618,1,1,0,0,0,1,0
4619,0,0,1,1,0,0,1
4621,0,1,0,0,0,1,0
4623,1,0,0,0,0,0,0
4624,0,1,0,0,0,1,1
4625,1,0,1,1,0,0,1
4626,1,1,1,1,1,1,0
4628,1,1,0,0,0,1,0
4629,1,1,1,0,0,1,1
4630,1,1,0,0,0,1,0
4631,0,1,0,0,1,1,0
4632,0,1,1,1,1,1,1
4633,0,0,1,1,1,0,1
4636,0,1,1,1,1,1,0
4637,0,1,0,0,0,1,0
4638,1,1,0,0,0,1,0
4639,0,0,0,0,0,0,0
4640,1,1,1,1,1,1,1
4641,1,1,1,0,1,1,1
4643,0,1,0,1,0,1,0
4645,0,1,0,0,1,1,1
4646,0,1,1,0,1,1,0
4647,0,1,1,1,1,1,1
4648,0,1,0,0,0,1,0
4650,1,1,1,0,0,1,1
4651,0,1,0,0,0,1,1
4652,0,1,0,0,0,1,0
4653,1,1,0,0,1,1,0
4654,0,1,1,1,1,1,1
4656,0,1,1,0,0,1,1
4657,0,1,1,0,1,1,0
4658,1,1,0,0,0,1,0
4660,1,1,1,0,0,1,1
4661,0,1,1,1,1,1,1
4662,0,1,1,1,1,1,1
4663,1,0,1,1,0,0,1
4664,0,1,1,0,1,1,0
4665,0,0,1,1,1,0,1
4666,0,1,1,1,1,1,1
4667,1,1,0,0,0,1,0
4668,1,1,0,0,0,1,0
4669,0,1,0,0,0,1,0
4671,1,1,1,1,1,1,0
4672,0,1,1,1,1,1,1
4673,0,1,1,0,1,1,0
4674,0,1,1,1,1,1,1
4675,0,1,1,0,1,1,0
4676,1,0,1,1,0,0,0
4677,0,1,1,1,0,1,0
4679,0,1,1,1,0,1,0
4680,0,0,1,1,0,0,1
4682,0,1,0,0,0,1,0
4685,0,1,1,0,1,1,1
4686,0,0,1,1,0,0,1
4687,1,1,1,0,1,1,1
4688,1,1,1,1,1,1,1
4689,1,1,0,0,0,1,0
4690,1,1,1,0,0,1,0
4691,0,1,0,0,0,1,0
4692,0,0,1,1,0,0,1
4693,0,1,0,1,0,1,1
4694,1,1,1,1,1,1,1
4695,0,1,0,0,0,1,0
4696,1,1,0,0,0,1,1
4697,0,0,0,1,0,0,1
4698,0,0,1,1,0,0,0
4699,1,1,1,0,0,1,1
4700,0,1,1,1,0,1,1
4701,0,1,1,0,1,1,0
4702,1,1,1,0,1,1,1
4704,0,0,0,0,0,0,0
4705,0,1,1,1,1,1,1
4706,1,1,0,0,1,1,0
4707,1,1,0,0,0,1,0
4708,0,1,1,0,1,1,1
4710,1,1,1,0,0,1,1
4711,0,1,0,0,0,1,0
4714,0,0,1,1,0,0,0
4715,1,1,0,0,0,1,0
4717,0,0,0,1,0,0,1
4718,0,1,1,1,1,1,1
4719,0,1,1,1,1,1,1
4721,1,1,1,1,1,1,1
4722,0,0,0,1,0,0,1
4723,0,1,0,0,0,1,0
4724,1,1,1,1,1,1,1
4725,1,1,0,0,0,1,1
4726,1,1,0,0,0,1,0
4728,0,1,1,0,1,1,0
4729,0,0,0,0,0,0,0
4730,1,1,1,0,0,1,0
4731,0,1,0,0,0,1,0
4732,0,0,1,1,0,0,0
4733,1,1,1,1,0,1,1
4734,0,1,0,0,0,1,0
4735,1,1,1,0,0,1,1
4736,0,1,1,0,1,1,1
4737,1,1,0,0,0,1,0
4738,1,1,1,0,1,1,1
4739,0,1,1,1,1,1,1
4740,0,1,1,0,0,1,1
4741,0,0,0,0,0,0,0
4743,0,1,0,0,1,1,0
4744,1,1,1,1,1,1,1
4746,1,1,0,0,1,1,0
4748,1,1,0,0,0,1,1
4749,1,1,0,0,0,1,0
4751,0,1,0,0,0,1,0
4752,0,1,0,0,0,1,0
4753,1,1,0,0,0,1,0
4755,1,1,1,0,0,1,0
4756,0,0,1,1,0,0,0
4757,0,0,0,1,0,0,0
4758,0,1,1,1,1,1,1
4759,0,1,0,0,0,1,0
4760,0,1,0,0,0,1,1
4761,0,0,0,1,0,0,1
4762,0,1,1,1,1,1,1
4763,1,1,1,0,0,1,1
4764,1,1,0,0,1,1,0
4765,0,1,0,0,0,1,0
4766,1,1,1,1,1,1,0
4767,0,1,0,0,0,1,1
4768,0,1,1,0,0,1,0
4769,1,0,0,1,0,0,1
4770,0,1,1,0,1,1,1
4771,1,1,1,1,0,1,0
4772,0,1,1,1,1,1,0
4773,0,1,1,1,1,1,1
4774,1,1,0,0,0,1,0
4775,1,0,0,1,0,0,1
4776,0,0,1,1,0,0,1
4777,0,1,1,1,1,1,1
4778,0,1,0,0,0,1,0
4779,1,1,1,1,1,1,1
4780,0,0,1,1,0,0,1
4782,0,1,0,0,0,1,0
4783,1,0,0,0,0,0,0
4784,0,1,0,0,0,1,0
4785,0,0,0,0,0,0,1
4786,0,0,1,1,0,0,1
4787,0,1,1,1,1,1,1
4790,0,1,1,1,0,1,0
4791,0,1,1,1,0,1,0
4792,1,1,0,0,1,1,1
4793,0,1,0,0,0,1,0
4795,0,1,0,0,0,1,0
4796,0,1,1,0,0,1,0
4797,1,1,1,0,1,1,1
4798,0,1,0,0,0,1,1
4799,0,0,1,0,1,0,0
4800,0,0,1,1,0,0,1
4801,1,1,0,0,0,1,1
4802,1,0,1,0,0,0,0
4803,1,1,0,0,0,1,0
4804,0,1,1,1,1,1,1
4805,0,1,0,0,0,1,1
4806,0,1,0,0,1,1,1
4807,1,1,0,0,0,1,0
4808,0,1,1,1,1,1,1
4809,0,0,1,1,0,0,1
4810,1,1,1,0,0,1,1
4811,0,1,1,1,0,1,0
4812,1,1,0,0,0,1,0
4813,0,1,0,0,0,1,0
4814,0,0,0,1,0,0,1
4815,1,1,0,0,0,1,0
4816,1,0,1,1,1,0,1
4817,0,1,0,0,0,1,0
4818,0,1,1,1,1,1,1
4819,0,1,0,0,0,1,0
4820,1,1,0,0,0,1,0
4823,0,1,0,0,0,1,1
4824,0,0,1,1,0,0,1
4826,0,0,1,1,0,0,0
4827,0,1,0,0,1,1,0
4828,0,0,1,1,0,0,1
4829,0,1,1,1,0,1,0
4830,0,1,1,0,0,1,0
4831,1,1,0,0,0,1,0
4832,0,1,0,0,1,1,1
4833,0,0,1,1,1,0,1
4834,1,1,0,0,0,1,0
4835,1,1,0,0,0,1,0
4836,0,1,1,0,0,1,0
4838,1,1,0,0,0,1,0
4839,0,1,0,0,0,1,0
4840,0,1,1,1,0,1,1
4841,0,0,0,0,0,0,0
4842,1,1,1,1,1,1,1
4843,0,1,0,0,0,1,0
4845,0,1,1,0,1,1,1
4846,1,0,0,1,0,0,1
4847,0,1,0,0,0,1,0
4848,0,1,0,0,0,1,0
4849,0,1,1,0,1,1,1
4850,0,1,1,1,1,1,1
4851,0,0,1,1,0,0,0
4852,1,1,0,0,0,1,0
4853,1,1,1,1,0,1,0
4854,0,1,0,0,0,1,0
4855,1,0,1,0,0,0,0
4856,0,1,0,0,1,1,0
4858,0,1,1,1,1,1,1
4859,0,1,0,0,0,1,0
4861,1,1,0,0,0,1,1
4862,1,1,1,0,0,1,1
4863,0,1,0,0,1,1,0
4864,1,1,0,0,0,1,0
4867,0,1,1,0,1,1,1
4868,0,1,1,1,1,1,1
4869,1,1,0,0,0,1,0
4870,1,1,1,0,0,1,0
4871,0,1,1,0,0,1,0
4872,1,1,0,0,0,1,0
4873,0,1,0,0,0,1,0
4874,1,1,0,0,1,1,0
4875,0,1,0,0,0,1,0
4876,0,1,0,0,0,1,0
4877,0,1,1,1,1,1,1
4879,1,1,0,0,0,1,0
4880,0,1,0,0,0,1,0
4881,0,1,1,0,1,1,0
4882,1,1,1,0,0,1,0
4883,1,1,1,0,0,1,0
4884,1,1,0,0,0,1,0
4885,1,1,0,0,0,1,0
4886,0,1,1,1,1,1,1
4887,0,1,0,0,0,1,1
4888,1,1,1,0,1,1,1
4889,1,1,0,0,0,1,0
4890,0,0,1,1,0,0,1
4891,1,1,0,0,0,1,1
4892,0,1,0,0,0,1,0
4894,0,0,1,1,0,0,1
4895,0,1,0,0,0,1,0
4896,0,1,0,0,0,1,0
4897,1,1,0,0,0,1,1
4899,0,1,1,1,1,1,1
4901,1,0,1,1,0,0,0
4902,1,1,0,0,1,1,0
4903,1,1,0,0,0,1,1
4904,0,1,1,0,0,1,0
4905,0,1,0,0,0,1,0
4906,0,1,1,0,1,1,0
4907,1,1,1,0,0,1,1
4908,1,1,0,0,0,1,1
4909,0,1,1,1,1,1,1
4910,1,1,0,0,0,1,0
4911,1,1,0,0,0,1,0
4912,1,1,1,1,1,1,1
4913,1,1,0,0,0,1,1
4915,1,1,0,0,0,1,0
4916,1,1,1,0,0,1,0
4918,0,0,1,1,1,0,1
4919,1,0,0,1,0,0,0
4920,1,1,0,0,1,1,1
4921,0,1,0,0,0,1,0
4922,0,1,1,1,1,1,1
4923,1,1,0,0,0,1,1
4924,1,1,0,0,0,1,0
4925,0,1,1,0,0,1,0
4926,0,1,0,0,1,1,1
4927,0,0,0,1,0,0,0
4930,0,1,1,1,1,1,1
4931,1,1,0,0,0,1,0
4932,0,1,1,0,1,1,0
4933,1,1,1,1,1,1,1
4934,1,0,0,1,0,0,0
4935,1,1,0,0,0,1,0
4936,1,1,0,0,1,1,1
4938,0,1,0,0,0,1,0
4939,1,1,1,0,0,1,1
4940,1,0,0,0,0,0,0
4942,1,1,1,0,0,1,0
4943,1,1,0,0,0,1,1
4944,1,1,0,0,0,1,0
4945,0,1,1,0,0,1,0
4947,0,0,1,1,0,0,1
4948,1,1,0,0,1,1,1
4949,0,1,1,1,1,1,0
4950,0,1,0,0,0,1,0
4954,0,1,0,0,0,1,1
4955,0,1,0,0,0,1,0
4956,1,1,0,0,0,1,0
4957,0,1,0,0,0,1,0
4959,0,0,1,1,0,0,1
4960,0,0,1,1,1,0,1
4963,1,1,0,0,0,1,0
4964,0,0,1,1,0,0,1
4966,0,0,1,1,0,0,1
4967,0,1,0,0,0,1,0
4968,1,1,0,0,0,1,0
4969,0,1,0,0,0,1,1
4970,1,1,0,0,0,1,0
4971,0,1,1,1,1,1,1
4975,0,1,1,0,0,1,1
4976,0,1,0,1,0,1,0
4977,1,1,0,0,1,1,1
4979,1,1,1,0,0,1,0
4980,0,0,1,1,0,0,0
4981,0,1,0,0,0,1,1
4982,0,1,1,0,0,1,0
4985,1,1,0,0,0,1,0
4987,1,0,1,1,1,0,0
4988,0,1,0,0,0,1,0
4989,0,0,0,1,0,0,1
4990,0,1,1,1,1,1,1
4991,0,1,0,0,1,1,0
4992,1,1,0,0,0,1,0
4993,0,0,0,1,0,0,0
4994,0,1,1,1,0,1,1
4995,0,0,1,1,0,0,1
4996,1,1,0,0,0,1,0
4997,0,0,1,1,0,0,1
4999,1,1,0,0,0,1,0
5000,0,1,0,0,0,1,0
5001,0,1,1,1,0,1,0
5002,0,1,0,0,0,1,0
5003,0,1,1,0,1,1,1
5005,1,1,0,0,0,1,0
5006,1,0,1,1,0,0,1
5007,0,1,0,0,1,1,0
5008,1,1,0,0,0,1,0
5009,0,1,0,0,0,1,1
5010,0,0,0,1,0,0,1
5011,1,1,0,0,0,1,1
5012,0,1,0,0,1,1,1
5013,1,1,0,0,0,1,1
5014,1,1,0,0,0,1,0
5015,0,1,0,1,0,1,1
5016,0,1,1,0,0,1,0
5017,0,0,1,1,0,0,1
5019,1,1,1,1,0,1,1
5020,0,1,0,0,0,1,0
5021,0,1,1,0,0,1,0
5022,0,1,0,1,0,1,0
5024,1,0,1,1,0,0,1
5025,1,0,0,1,0,0,1
5026,0,1,0,0,0,1,0
5027,0,0,1,1,0,0,0
5029,0,1,1,0,0,1,0
5030,1,1,0,0,0,1,0
5032,0,1,0,0,0,1,1
5034,1,1,0,0,0,1,0
5035,0,1,0,0,1,1,1
5037,0,0,1,1,0,0,1
5038,1,1,0,0,0,1,1
5039,0,1,0,0,0,1,0
5040,0,1,1,0,0,1,1
5041,0,0,1,1,0,0,0
5042,1,1,0,0,0,1,0
5043,1,1,0,0,0,1,0
5045,0,0,0,1,0,0,0
5046,0,0,1,1,0,0,1
5047,1,1,1,1,1,1,1
5048,1,1,1,1,1,1,0
5049,0,0,1,1,0,0,0
5050,0,1,0,0,0,1,0
5051,1,1,0,0,0,1,1
5052,0,0,1,1,0,0,1
5053,0,0,0,0,0,0,0
5054,1,1,1,0,0,1,0
5056,0,1,0,0,0,1,0
5057,1,1,0,0,0,1,0
5058,1,1,0,0,0,1,0
5060,0,1,1,0,1,1,0
5061,1,1,1,0,0,1,1
5062,0,1,0,0,1,1,1
5063,1,1,0,0,0,1,0
5064,0,1,0,0,0,1,0
5066,0,1,1,0,1,1,1
5067,0,1,1,0,0,1,0
5069,0,1,0,0,0,1,1
5070,0,1,0,0,0,1,0
5071,0,0,0,0,0,0,0
5072,0,1,0,0,0,1,0
5073,1,1,0,0,0,1,0
5074,1,1,1,0,0,1,0
5075,1,1,1,0,1,1,1
5076,0,0,1,1,0,0,1
5077,1,1,1,0,0,1,0
5078,1,1,1,0,0,1,0
5080,0,1,0,0,0,1,0
5081,0,1,1,1,1,1,1
5083,0,1,1,0,1,1,1
5084,1,0,0,1,1,0,1
5085,1,1,1,0,0,1,0
5086,0,0,1,1,0,0,1
5087,1,1,1,0,0,1,0
5088,0,1,1,0,1,1,1
5089,1,1,1,0,1,1,0
5090,0,1,1,1,0,1,1
5091,0,1,1,0,0,1,0
5093,0,1,0,0,0,1,1
5094,1,0,1,1,1,0,0
5096,1,1,0,0,0,1,1
5098,1,1,1,0,0,1,0
5099,0,1,1,1,1,1,1
5100,1,1,0,0,0,1,1
5101,1,1,0,0,0,1,0
5103,1,1,0,0,0,1,1
5104,0,0,1,1,0,0,0
5105,0,0,1,1,0,0,1
5106,0,1,1,1,1,1,0
5107,0,0,1,1,1,0,1
5108,0,0,0,1,0,0,1
5109,1,1,0,0,0,1,1
5110,0,1,1,0,0,1,1
5111,1,1,1,0,1,1,1
5112,1,1,1,0,1,1,1
5114,0,1,1,0,1,1,1
5115,0,0,1,1,0,0,0
5116,1,1,0,0,0,1,1
5117,0,1,0,0,0,1,0
5119,0,1,1,0,0,1,0
5121,1,1,1,0,0,1,0
5122,0,1,0,0,1,1,0
5123,1,0,0,1,0,0,0
5124,0,1,0,0,0,1,1
5125,0,0,0,0,0,0,1
5126,0,0,1,1,0,0,0
5128,1,1,0,0,0,1,0
5129,1,0,1,1,0,0,1
5130,1,0,1,1,0,0,1
5131,1,0,1,0,1,0,1
5132,0,1,1,1,1,1,1
5134,1,1,0,0,0,1,1
5135,0,1,1,1,1,1,0
5136,0,1,1,1,1,1,1
5137,0,1,1,1,0,1,0
5138,0,0,0,1,0,0,0
5139,0,1,0,0,0,1,0
5141,1,1,0,0,0,1,0
5143,0,0,1,1,0,0,0
5144,1,0,1,1,0,0,0
5145,1,0,1,1,0,0,1
5147,1,1,0,0,0,1,1
5148,0,1,0,0,0,1,1
5149,0,0,1,1,0,0,0
5151,0,1,1,0,1,1,1
5152,1,1,0,0,0,1,0
5153,0,1,0,0,1,1,1
5154,0,1,1,1,1,1,0
5156,1,1,0,0,1,1,0
5157,0,1,1,0,0,1,1
5158,0,1,0,0,0,1,0
5159,1,1,0,0,0,1,1
5161,0,0,0,0,0,0,1
5162,0,1,0,0,0,1,0
5163,0,1,1,1,1,1,1
5164,0,1,0,0,0,1,1
5166,1,1,0,0,1,1,0
5167,0,0,0,1,0,0,0
5168,1,0,0,1,0,0,0
5169,1,1,0,0,0,1,0
5170,0,1,1,0,1,1,0
5171,1,1,0,0,0,1,0
5172,1,0,1,1,0,0,1
5173,1,1,0,0,0,1,0
5174,0,1,1,0,1,1,1
5175,1,1,0,0,0,1,1
5176,1,1,0,0,0,1,0
5177,0,0,1,1,0,0,0
5178,1,0,1,1,0,0,0
5179,1,1,0,0,0,1,0
5180,1,1,0,0,0,1,1
5181,1,1,0,0,0,1,0
5182,0,1,0,0,0,1,0
5183,0,0,0,1,0,0,1
5184,0,1,1,0,0,1,1
5185,1,1,0,0,0,1,0
5186,1,1,0,0,0,1,0
5187,1,1,0,1,0,1,0
5188,0,0,0,0,0,0,1
5189,0,1,0,0,0,1,0
5190,1,1,0,0,0,1,0
5191,0,1,1,0,0,1,1
5192,0,1,1,0,1,1,0
5194,1,1,1,1,0,1,0
5195,0,1,0,0,0,1,0
5196,1,1,1,0,0,1,1
5197,1,1,1,1,1,1,1
5198,0,1,0,0,0,1,0
5199,1,1,0,0,0,1,0
5200,1,1,1,0,0,1,1
5201,1,1,0,0,0,1,0
5202,0,1,1,1,0,1,1
5203,0,1,1,0,0,1,0
5205,0,1,1,0,0,1,0
5206,1,1,0,0,0,1,0
5207,1,1,0,0,0,1,1
5208,0,1,0,0,0,1,0
5209,0,1,1,1,0,1,0
5210,1,0,0,0,0,0,1
5211,0,1,0,0,0,1,0
5212,1,1,0,0,0,1,0
5213,0,1,0,0,0,1,0
5214,1,1,1,0,0,1,0
5215,1,1,0,0,0,1,0
5216,0,0,1,1,0,0,0
5217,1,1,0,0,1,1,1
5218,1,1,0,0,0,1,0
5219,0,1,0,0,0,1,0
5220,0,0,1,1,1,0,1
5221,0,1,1,1,0,1,0
5222,0,1,1,1,1,1,1
5224,0,1,1,1,0,1,1
5225,0,1,1,1,0,1,0
5228,0,1,1,1,0,1,0
5229,0,0,1,1,0,0,1
5230,0,1,1,1,1,1,1
5231,1,1,0,0,0,1,1
5233,0,1,1,0,1,1,1
5234,0,1,0,0,0,1,0
5235,0,0,1,1,0,0,1
5236,1,0,1,1,0,0,1
5237,1,1,1,0,0,1,1
5239,1,1,1,0,0,1,1
5240,0,0,1,1,0,0,1
5242,0,0,1,1,0,0,0
5243,0,1,0,0,1,1,1
5244,0,1,0,1,1,1,0
5245,1,1,1,0,0,1,0
5246,0,1,0,0,0,1,1
5247,1,1,0,0,0,1,1
5248,0,1,1,0,1,1,0
5249,0,1,0,0,1,1,1
5250,0,1,1,0,0,1,0
5251,1,0,1,1,0,0,0
5252,1,1,1,1,0,1,0
5253,0,1,1,0,1,1,0
5254,1,0,1,1,0,0,0
5255,1,1,0,0,0,1,1
5256,1,0,0,1,0,0,0
5257,0,1,0,0,1,1,0
5258,0,1,1,1,1,1,1
5259,0,1,1,0,1,1,0
5262,0,1,0,0,0,1,0
5263,0,1,0,0,1,1,1
5264,0,0,1,1,0,0,0
5265,0,1,1,1,1,1,1
5268,1,1,1,1,0,1,1
5269,1,1,0,0,1,1,0
5270,1,1,0,0,0,1,0
5272,0,1,0,0,0,1,1
5273,1,1,0,0,0,1,0
5274,1,1,0,0,0,1,0
5275,1,1,1,1,0,1,0
5276,1,1,1,1,0,1,1
5277,1,1,1,1,0,1,0
5279,0,0,0,0,0,0,1
5281,1,0,0,0,0,0,0
5282,0,1,1,1,1,1,1
5283,0,1,1,0,0,1,1
5284,0,1,1,1,1,1,1
5285,0,1,1,0,1,1,0
5286,0,1,0,0,0,1,0
5287,0,1,1,0,1,1,1
5288,1,1,0,0,0,1,1
5289,1,1,0,0,1,1,0
5290,0,1,1,0,0,1,0
5291,0,1,0,0,0,1,1
5292,0,1,0,0,0,1,0
5293,1,1,0,0,0,1,0
5294,1,1,0,0,1,1,0
5296,0,1,0,0,0,1,0
5297,1,0,1,0,0,0,0
5298,0,1,1,1,1,1,1
5300,0,1,1,0,0,1,1
5301,0,0,1,1,0,0,0
5302,0,1,1,0,1,1,1
5303,0,1,1,1,0,1,1
5304,0,1,1,1,1,1,1
5305,1,1,1,0,0,1,0
5306,1,1,1,0,0,1,0
5307,0,0,1,0,0,0,0
5308,0,1,1,1,0,1,1
5309,0,1,1,0,1,1,1
5310,0,0,0,1,0,0,1
5314,1,1,1,0,0,1,1
5315,1,0,0,0,0,0,0
5316,0,1,0,0,0,1,0
5317,0,0,1,1,0,0,1
5318,0,1,1,0,1,1,0
5319,0,1,0,0,0,1,0
5320,0,1,0,0,0,1,0
5321,0,1,1,0,1,1,1
5322,1,1,0,0,0,1,0
5323,0,0,1,1,0,0,1
5324,1,0,0,1,0,0,1
5325,1,0,1,1,0,0,0
5326,0,1,1,1,1,1,0
5327,0,1,1,0,0,1,0
5328,1,1,1,0,0,1,0
5330,0,1,1,0,0,1,0
5331,0,1,1,0,1,1,1
5333,0,0,1,1,0,0,1
5334,0,1,1,1,1,1,1
5336,0,1,0,0,0,1,0
5337,0,1,0,0,0,1,0
5338,0,1,0,0,1,1,0
5339,1,1,0,0,0,1,0
5340,1,1,0,0,0,1,0
5341,1,1,1,1,1,1,1
5342,0,1,1,0,0,1,1
5343,1,1,1,1,0,1,0
5344,0,1,0,0,0,1,0
5345,0,1,1,1,1,1,1
5348,0,0,1,1,0,0,1
5349,0,1,1,0,1,1,1
5350,0,1,1,0,1,1,1
5352,0,1,0,0,0,1,1
5353,0,1,1,0,0,1,1
5354,0,0,1,1,0,0,1
5355,0,1,0,0,1,1,0
5356,1,1,0,0,0,1,0
5357,1,1,0,0,1,1,0
5358,0,1,1,1,1,1,1
5360,1,1,0,0,0,1,0
5361,1,1,0,0,0,1,0
5363,0,1,0,0,0,1,0
5364,1,0,1,1,0,0,1
5365,1,1,1,1,0,1,1
5366,1,0,1,0,0,0,0
5367,1,0,1,1,0,0,1
5368,0,1,0,0,0,1,0
5369,0,1,1,0,1,1,1
5370,1,1,0,0,0,1,0
5371,0,0,0,1,0,0,1
5372,0,1,1,0,1,1,0
5375,0,1,1,1,1,1,0
5376,0,0,0,0,0,0,0
5377,0,1,1,0,0,1,1
5378,0,0,1,1,0,0,1
5379,1,1,0,0,0,1,0
5380,0,1,1,1,0,1,0
5381,0,0,1,1,0,0,1
5382,1,1,0,1,0,1,0
5383,1,1,0,0,0,1,0
5384,1,0,0,1,0,0,0
5385,1,1,0,0,1,1,1
5387,0,1,0,0,1,1,1
5388,0,0,1,1,0,0,1
5389,1,1,1,0,0,1,1
5390,1,0,1,1,0,0,0
5392,1,1,0,0,0,1,1
5393,1,1,0,1,1,1,1
5394,0,1,0,0,0,1,1
5395,1,1,1,1,0,1,0
5396,1,0,1,1,0,0,1
5397,1,1,0,0,0,1,0
5398,0,1,0,0,0,1,0
5400,0,1,1,1,1,1,1
5401,0,0,1,1,0,0,1
5402,0,0,1,1,1,0,0
5403,1,1,0,0,0,1,0
5404,1,0,0,0,0,0,0
5405,1,1,0,0,0,1,0
5408,1,1,0,0,0,1,0
5409,0,1,1,1,1,1,1
5410,0,1,1,1,1,1,1
5411,1,1,0,0,0,1,0
5412,1,1,0,0,0,1,0
5413,0,0,1,1,0,0,0
5414,0,1,1,1,1,1,1
5415,1,1,0,0,0,1,0
5417,1,0,1,1,0,0,0
5418,0,1,0,0,0,1,1
5419,1,1,0,0,0,1,1
5420,0,1,0,0,1,1,1
5421,0,1,1,1,1,1,0
5422,0,1,0,0,0,1,0
5423,1,1,0,0,0,1,0
5424,0,1,0,0,0,1,0
5425,1,1,0,0,0,1,1
5426,0,0,1,1,0,0,0
5427,1,0,0,1,0,0,1
5428,0,1,0,0,0,1,0
5429,0,1,0,0,0,1,0
5430,1,0,0,1,0,0,0
5431,0,1,1,0,0,1,0
5432,1,0,1,1,0,0,1
5433,0,1,1,1,0,1,0
5434,0,1,0,0,0,1,0
5435,0,0,1,0,1,0,1
5436,0,0,1,1,0,0,1
5437,0,0,0,0,0,0,0
5438,0,1,1,0,0,1,0
5439,0,1,0,0,0,1,0
5440,0,1,1,1,0,1,0
5442,1,1,0,0,0,1,0
5443,0,0,1,1,0,0,1
5445,0,1,0,0,0,1,1
5446,0,0,0,1,0,0,0
5447,1,0,1,0,1,0,0
5449,0,1,0,0,1,1,1
5450,0,0,1,1,0,0,0
5451,0,1,1,1,1,1,1
5452,0,1,0,0,0,1,1
5453,1,1,0,0,0,1,0
5454,0,0,1,1,1,0,1
5455,1,1,0,0,0,1,0
5456,1,0,1,0,0,0,1
5457,0,0,0,1,0,0,0
5458,0,1,0,0,0,1,0
5460,0,1,1,0,0,1,1
5461,1,1,0,0,0,1,0
5462,0,0,0,0,0,0,0
5463,0,0,1,1,0,0,1
5464,0,0,0,1,0,0,1
5465,1,0,0,1,0,0,0
5466,0,1,1,1,0,1,0
5467,0,1,1,1,1,1,1
5468,0,0,1,1,0,0,1
5469,0,1,1,1,0,1,0
5470,0,0,1,1,0,0,1
5472,0,1,0,0,0,1,1
5473,0,1,1,1,1,1,1
5474,0,0,0,0,0,0,0
5475,0,0,0,1,0,0,1
5477,0,1,0,0,0,1,1
5478,0,1,1,0,1,1,1
5479,0,1,0,0,0,1,1
5480,1,1,0,0,1,1,1
5481,1,1,1,0,0,1,0
5482,1,1,0,0,0,1,0
5483,0,1,0,0,0,1,0
5484,0,0,1,1,0,0,1
5485,1,1,0,0,0,1,1
5486,0,1,0,0,0,1,1
5487,0,1,1,0,0,1,0
5488,1,0,1,1,1,0,1
5489,0,1,1,1,1,1,0
5490,0,1,0,0,0,1,0
5491,1,1,0,0,0,1,0
5492,0,1,1,1,1,1,1
5493,0,0,1,1,0,0,1
5494,0,1,0,0,0,1,0
5495,0,1,0,0,0,1,1
5496,1,1,1,0,1,1,0
5498,1,1,1,0,0,1,1
5499,1,1,0,0,0,1,0
5500,0,1,0,0,0,1,0
5502,0,1,1,1,0,1,1
5505,0,1,1,0,1,1,0
5506,0,1,1,1,1,1,1
5507,0,1,0,0,0,1,1
5508,0,1,1,1,0,1,1
5509,0,1,0,0,0,1,0
5510,1,1,0,0,1,1,1
5511,0,1,1,1,1,1,0
5513,1,1,0,0,0,1,0
5514,1,1,0,0,0,1,0
5516,1,1,0,0,0,1,1
5517,1,1,0,0,0,1,0
5518,0,1,1,0,0,1,0
5519,0,1,0,0,0,1,0
5520,0,1,0,0,0,1,0
5521,1,1,0,0,0,1,0
5523,0,1,1,1,1,1,1
5524,0,1,0,0,0,1,0
5525,1,1,0,0,0,1,1
5526,0,1,1,0,0,1,1
5527,0,1,0,0,0,1,1
5528,0,0,1,1,0,0,1
5529,0,1,0,0,0,1,1
5530,1,1,0,0,0,1,0
5531,0,1,1,1,1,1,0
5532,0,0,1,1,1,0,1
5533,1,1,0,0,0,1,0
5535,0,1,0,0,0,1,1
5536,0,1,0,0,1,1,1
5537,0,1,0,0,1,1,0
5538,0,1,1,1,0,1,0
5539,0,1,1,0,1,1,0
5540,0,1,1,0,0,1,1
5541,0,1,0,0,0,1,1
5542,1,0,1,1,0,0,1
5543,1,1,0,0,0,1,0
5544,0,1,0,1,1,1,1
5545,0,0,1,1,0,0,0
5546,0,1,0,0,1,1,0
5547,0,1,1,0,1,1,0
5548,0,1,0,0,0,1,0
5549,0,1,0,0,0,1,0
5550,0,1,1,1,1,1,1
5551,1,1,1,1,1,1,1
5552,0,1,0,0,0,1,1
5553,0,1,1,1,1,1,1
5554,1,0,1,1,0,0,1
5555,0,1,1,0,1,1,1
5556,0,0,1,1,0,0,1
5557,0,1,1,1,1,1,1
5559,1,0,0,0,0,0,1
5560,0,1,0,0,0,1,0
5561,1,1,1,1,0,1,0
5562,0,1,0,0,0,1,0
5563,1,1,0,0,0,1,1
5564,0,1,1,0,0,1,0
5565,0,1,0,0,0,1,0
5566,0,1,1,0,0,1,1
5567,1,1,0,0,0,1,1
5568,0,1,0,0,0,1,0
5569,0,1,1,1,1,1,1
5570,0,1,1,0,1,1,1
5571,0,0,1,1,1,0,1
5572,1,1,0,0,0,1,0
5573,0,1,1,1,1,1,1
5575,1,1,0,0,0,1,1
5576,1,0,0,0,0,0,1
5577,0,1,1,1,1,1,0
5578,1,1,0,0,0,1,0
5579,1,1,0,0,0,1,0
5580,0,0,0,0,0,0,1
5581,0,1,0,0,0,1,0
5582,0,1,0,0,0,1,1
5583,0,0,1,1,0,0,0
5584,0,1,0,0,0,1,0
5585,0,0,1,1,0,0,0
5586,1,0,0,1,0,0,0
5587,0,1,1,0,1,1,1
5588,0,1,1,0,0,1,1
5589,1,1,1,0,1,1,1
5590,0,1,1,0,1,1,1
5591,1,1,0,0,0,1,0
5592,0,0,0,0,0,0,0
5593,0,0,1,1,0,0,1
5594,0,1,1,0,1,1,1
5595,1,1,0,0,0,1,0
5596,0,1,1,1,0,1,1
5597,0,0,1,1,0,0,1
5598,0,0,0,0,0,0,1
5599,0,0,1,1,0,0,0
5600,1,1,0,0,1,1,0
5601,0,0,0,1,0,0,1
5602,1,0,0,1,0,0,0
5603,1,1,0,0,0,1,1
5604,0,0,0,1,0,0,0
5605,0,1,1,0,1,1,0
5606,1,0,1,1,0,0,1
5607,0,0,1,1,0,0,0
5608,1,1,0,0,0,1,1
5609,0,1,1,0,1,1,1
5610,0,0,1,1,0,0,1
5611,0,0,1,0,0,0,1
5613,0,0,1,0,0,0,0
5614,0,0,1,1,0,0,1
5615,1,1,0,0,0,1,0
5616,1,0,0,0,0,0,0
5617,0,1,1,1,1,1,1
5618,0,0,0,1,0,0,1
5619,1,1,0,0,0,1,0
5620,0,1,1,0,1,1,1
5621,0,1,1,0,0,1,0
5622,0,1,0,0,1,1,1
5623,0,1,0,0,1,1,1
5624,0,1,0,0,0,1,1
5625,0,1,1,0,1,1,1
5626,1,1,0,0,0,1,0
5627,1,1,0,0,0,1,1
5628,0,0,1,1,0,0,1
5629,1,0,1,1,0,0,1
5630,1,1,0,0,0,1,0
5631,1,1,1,1,1,1,1
5632,0,1,1,0,0,1,0
5633,0,1,1,0,0,1,0
5635,0,1,1,0,1,1,0
5636,0,1,1,0,1,1,0
5637,0,1,0,0,0,1,0
5638,1,1,1,0,0,1,1
5639,0,1,0,0,0,1,0
5640,1,1,0,0,0,1,0
5641,0,1,1,0,1,1,0
5642,1,0,0,1,0,0,0
5643,1,1,0,0,0,1,0
5645,1,1,0,0,0,1,1
5646,0,1,1,1,1,1,0
5648,1,1,0,0,0,1,0
5649,1,1,0,0,0,1,1
5650,1,1,0,0,0,1,1
5651,0,1,0,0,0,1,0
5652,0,1,1,1,1,1,1
5653,0,1,0,0,1,1,1
5654,1,0,0,1,0,0,0
5655,0,1,0,0,0,1,0
5657,0,1,0,0,0,1,1
5658,0,1,1,1,0,1,0
5659,0,1,0,0,1,1,1
5660,0,1,0,0,0,1,0
5661,0,1,1,0,0,1,1
5663,0,0,1,1,0,0,1
5665,0,1,1,1,1,1,1
5667,1,0,1,1,0,0,1
5668,1,1,1,0,1,1,0
5669,0,1,1,1,1,1,1
5670,0,1,0,0,0,1,0
5671,0,0,1,1,0,0,0
5672,1,1,0,0,0,1,1
5673,1,1,0,0,0,1,0
5675,0,1,0,0,0,1,1
5676,0,1,1,0,0,1,0
5677,0,1,0,0,0,1,1
5679,0,1,1,1,1,1,1
5680,0,1,0,0,0,1,1
5681,0,1,1,1,1,1,1
5682,0,0,1,1,0,0,1
5683,1,1,0,0,0,1,0
5684,1,1,0,0,0,1,0
5685,0,0,1,1,0,0,0
5686,0,1,0,0,1,1,1
5687,0,0,1,1,0,0,1
5688,1,1,0,0,0,1,0
5689,1,1,1,0,0,1,1
5690,1,1,1,0,0,1,1
5691,0,1,1,0,1,1,1
5692,1,1,0,0,0,1,0
5693,0,1,0,0,0,1,0
5694,0,1,1,1,0,1,0
5695,0,1,1,0,0,1,0
5696,0,1,1,1,0,1,0
5697,0,1,0,0,0,1,0
5698,1,1,0,0,0,1,1
5699,0,1,1,1,1,1,1
5700,0,0,1,1,0,0,0
5701,0,0,1,1,1,0,1
5703,1,1,1,1,0,1,0
5704,0,1,1,1,1,1,1
5707,0,1,1,0,0,1,1
5709,0,1,1,1,1,1,0
5710,0,1,1,1,0,1,0
5711,0,0,0,1,0,0,0
5712,0,0,1,1,0,0,0
5713,0,1,1,0,0,1,0
5714,0,1,1,1,1,1,1
5715,0,0,0,1,0,0,1
5716,1,0,1,1,0,0,1
5717,0,0,0,0,0,0,0
5718,0,1,1,0,0,1,0
5719,0,1,1,0,0,1,0
5721,0,1,1,0,1,1,1
5722,1,1,0,0,0,1,0
5723,0,1,0,0,0,1,0
5724,1,1,0,0,0,1,0
5725,0,1,0,0,0,1,1
5726,0,0,1,1,0,0,0
5727,0,1,0,0,0,1,1
5728,0,0,1,1,0,0,0
5729,1,0,1,1,0,0,1
5730,0,1,0,0,0,1,0
5731,0,1,1,0,1,1,1
5732,1,1,1,1,0,1,0
5735,1,1,0,0,0,1,0
5736,0,0,0,1,0,0,0
5738,0,1,1,1,1,1,0
5739,1,1,0,0,0,1,0
5741,1,1,0,0,0,1,1
5742,1,1,0,0,0,1,0
5743,0,1,0,0,0,1,0
5745,0,1,1,1,0,1,0
5746,1,1,0,0,0,1,0
5749,0,0,0,1,0,0,0
5750,0,1,1,1,0,1,1
5751,0,1,0,0,0,1,1
5752,0,1,1,1,1,1,0
5753,0,1,1,1,0,1,1
5754,1,1,0,0,0,1,0
5755,0,1,1,0,1,1,1
5757,1,1,1,0,0,1,1
5758,0,0,1,1,0,0,0
5759,1,0,0,0,0,0,0
5760,0,1,0,0,0,1,0
5761,0,1,1,1,0,1,1
5762,0,1,1,0,0,1,0
5763,1,1,0,0,0,1,0
5764,0,0,0,0,0,0,1
5765,0,1,0,0,1,1,0
5767,0,0,1,1,0,0,1
5768,1,1,0,0,0,1,1
5769,0,1,1,1,1,1,0
5770,0,1,1,0,1,1,1
5771,0,1,0,0,0,1,1
5772,0,1,1,1,0,1,0
5773,0,1,0,0,0,1,1
5775,0,1,0,0,0,1,0
5776,0,1,0,0,0,1,1
5777,0,0,0,1,0,0,1
5778,0,1,1,1,1,1,1
5779,1,0,1,1,0,0,0
5781,1,1,0,0,0,1,0
5784,0,0,1,1,0,0,1
5786,0,1,1,1,0,1,1
5788,1,1,0,0,0,1,1
5790,0,1,0,0,0,1,0
5791,0,1,0,0,0,1,0
5792,0,1,1,1,1,1,1
5793,0,0,0,0,0,0,0
5794,0,1,0,0,0,1,1
5795,0,1,0,1,0,1,1
5796,0,0,1,1,0,0,0
5799,1,1,0,0,0,1,0
5800,0,1,1,1,0,1,0
5801,1,1,0,0,0,1,0
5802,1,1,1,1,0,1,0
5803,0,0,1,1,0,0,1
5805,0,1,1,0,0,1,1
5807,1,1,0,0,0,1,0
5808,1,1,0,0,0,1,1
5809,0,0,0,0,0,0,1
5810,1,1,0,0,0,1,0
5811,1,1,0,0,0,1,0
5812,1,0,1,1,0,0,1
5813,0,1,1,1,1,1,1
5815,0,0,1,1,0,0,1
5816,0,1,1,1,1,1,1
5817,1,0,1,1,0,0,0
5818,0,1,1,1,0,1,1
5819,1,1,1,1,1,1,0
5820,1,1,0,0,0,1,1
5821,0,1,1,1,1,1,1
5822,0,1,0,0,0,1,0
5823,1,1,1,0,0,1,0
5824,1,0,1,1,0,0,0
5825,1,1,0,0,0,1,0
5826,1,1,0,0,0,1,0
5828,0,1,1,1,0,1,0
5829,0,1,1,1,1,1,1
5831,1,1,1,0,1,1,0
5832,1,1,0,0,0,1,0
5833,0,1,0,0,0,1,0
5834,0,1,0,0,0,1,0
5835,0,0,1,1,0,0,0
5836,1,1,0,0,0,1,0
5838,1,1,0,0,0,1,1
5839,1,1,0,0,0,1,1
5840,0,1,0,0,0,1,0
5841,1,1,0,0,0,1,0
5842,1,1,0,0,1,1,0
5845,1,1,0,0,0,1,0
5846,0,1,0,0,1,1,0
5847,0,0,1,1,0,0,0
5848,1,1,0,0,0,1,1
5849,0,0,0,1,0,0,0
5850,1,1,0,0,0,1,0
5852,0,1,1,0,1,1,0
5854,0,0,0,1,0,0,0
5855,1,1,0,0,0,1,0
5856,0,1,0,0,1,1,1
5857,0,1,0,0,0,1,0
5858,1,1,0,0,0,1,1
5859,0,1,0,1,1,1,1
5860,0,1,0,0,0,1,0
5861,0,1,1,0,1,1,1
5863,0,1,1,1,1,1,1
5864,0,1,1,1,1,1,1
5866,1,1,0,0,0,1,0
5867,0,0,1,1,0,0,1
5868,1,1,0,0,0,1,0
5869,1,1,0,0,0,1,0
5871,0,1,0,0,0,1,0
5873,0,1,1,0,1,1,1
5875,0,0,1,1,0,0,0
5876,1,1,0,0,0,1,0
5877,1,1,0,0,0,1,0
5878,1,1,0,0,0,1,1
5879,1,1,0,0,0,1,0
5882,0,0,1,1,0,0,1
5884,1,1,0,0,0,1,0
5885,0,1,1,0,1,1,1
5886,1,1,0,0,0,1,0
5887,0,0,1,1,0,0,0
5888,0,1,1,0,1,1,1
5889,1,1,0,1,0,1,0
5890,0,1,1,1,0,1,0
5891,1,1,0,0,0,1,0
5892,0,1,1,1,1,1,1
5893,0,1,1,1,1,1,1
5894,1,1,0,0,0,1,0
5895,1,0,1,1,0,0,0
5896,0,1,1,0,1,1,1
5897,0,1,1,1,0,1,1
5898,0,0,0,0,0,0,1
5899,1,1,0,0,0,1,0
5901,0,1,0,0,0,1,1
5903,0,1,0,0,0,1,0
5904,1,1,1,1,1,1,1
5905,0,1,0,0,0,1,1
5906,0,1,1,1,1,1,1
5907,0,1,1,1,1,1,1
5908,0,0,1,1,0,0,0
5909,1,1,0,0,0,1,1
5910,1,1,1,0,0,1,1
5911,1,1,0,0,0,1,1
5912,1,1,0,0,0,1,0
5913,0,1,1,0,1,1,0
5914,1,1,1,1,0,1,0
5915,0,1,1,0,0,1,1
5917,1,1,0,1,0,1,0
5918,1,1,0,0,0,1,0
5919,0,1,1,0,1,1,1
5920,0,0,1,1,0,0,1
5921,0,1,0,0,0,1,1
5922,0,1,0,0,0,1,0
5923,0,1,0,0,1,1,0
5924,0,1,1,0,1,1,1
5925,0,1,1,1,0,1,0
5926,1,1,0,0,0,1,1
5927,0,0,1,1,1,0,0
5928,0,1,0,0,1,1,0
5929,1,1,0,0,0,1,0
5930,1,1,0,0,1,1,0
5931,1,1,0,0,0,1,0
5932,1,0,1,1,0,0,1
5933,0,1,1,0,1,1,1
5934,1,1,0,0,1,1,0
5935,1,1,0,0,0,1,1
5936,0,1,0,1,1,1,1
5937,1,0,1,1,0,0,0
5938,0,0,0,1,0,0,1
5939,1,1,1,1,0,1,1
5940,0,1,1,1,0,1,0
5941,0,1,1,1,0,1,1
5942,0,0,1,1,1,0,1
5943,0,1,1,0,0,1,1
5944,1,1,1,0,0,1,1
5946,1,1,0,0,0,1,0
5948,0,1,1,0,0,1,1
5949,1,1,1,1,0,1,0
5950,1,0,1,1,0,0,1
5951,1,1,0,0,0,1,1
5952,0,1,1,1,1,1,1
5953,1,1,0,0,0,1,1
5954,0,1,0,0,0,1,1
5955,0,0,1,1,0,0,1
5957,0,1,1,0,1,1,0
5959,0,0,0,1,0,0,0
5960,1,1,0,0,0,1,0
5961,1,1,0,0,0,1,0
5963,1,1,0,0,0,1,1
5964,1,1,0,0,1,1,0
5965,1,0,1,1,0,0,0
5966,1,1,0,0,1,1,1
5967,0,0,1,1,0,0,0
5968,0,1,1,0,0,1,0
5969,0,1,1,1,1,1,1
5971,0,0,1,1,0,0,0
5972,1,0,1,1,0,0,0
5973,0,1,1,0,0,1,1
5974,0,1,0,0,0,1,0
5976,0,0,0,1,0,0,0
5977,1,1,0,0,0,1,0
5978,0,1,1,1,1,1,1
5980,0,0,1,1,1,0,1
5981,0,1,1,0,1,1,1
5982,0,1,1,0,0,1,1
5983,1,1,0,0,0,1,1
5984,0,1,0,0,0,1,0
5985,0,1,0,0,0,1,1
5986,0,1,1,1,0,1,0
5987,0,1,1,0,1,1,1
5988,0,1,1,1,1,1,0
5990,0,1,1,0,1,1,1
5992,0,0,1,1,0,0,1
5993,0,1,0,0,0,1,0
5994,1,1,0,0,0,1,0
5996,0,0,1,1,0,0,0
5997,0,1,1,1,1,1,1
5998,0,1,1,0,0,1,0
5999,1,1,1,0,1,1,1
6000,1,1,1,0,0,1,1
6001,0,0,0,0,0,0,1
6002,0,1,1,1,1,1,1
6003,0,1,1,1,1,1,1
6004,0,1,1,0,1,1,0
6005,0,1,1,0,0,1,0
6006,1,1,1,1,0,1,1
6007,1,1,0,0,0,1,0
6008,1,1,0,0,0,1,0
6009,0,0,1,1,0,0,1
6012,0,1,0,0,0,1,0
6013,0,0,1,1,0,0,1
6014,1,1,0,0,0,1,0
6015,1,1,1,1,1,1,1
6016,0,1,1,0,1,1,1
6017,0,1,0,0,0,1,1
6018,0,1,0,0,0,1,0
6019,0,1,0,0,0,1,1
6020,0,1,0,0,0,1,0
6021,1,1,0,0,1,1,0
6022,0,1,1,1,1,1,1
6023,1,1,0,0,0,1,0
6024,0,1,0,0,0,1,0
6025,1,1,0,0,0,1,0
6026,0,0,1,1,0,0,1
6028,1,1,0,0,0,1,0
6029,0,0,1,0,0,0,1
6030,0,1,0,0,0,1,0
6032,0,0,0,0,0,0,1
6034,0,1,0,0,0,1,0
6035,0,1,0,0,0,1,0
6036,0,1,1,1,1,1,1
6037,1,1,0,0,0,1,1
6038,1,1,0,0,0,1,0
6039,1,1,0,0,0,1,0
6040,0,1,0,0,1,1,1
6041,1,1,0,0,0,1,1
6042,1,1,0,0,0,1,0
6043,0,1,0,0,0,1,0
6044,1,1,0,0,0,1,0
6045,1,1,0,0,0,1,0
6046,1,1,0,0,0,1,0
6047,0,1,1,1,1,1,0
6049,1,1,1,0,1,1,1
6050,0,1,1,0,1,1,1
6051,0,1,1,0,0,1,1
6052,0,0,0,0,0,0,1
6053,0,0,1,1,0,0,1
6054,1,1,0,0,1,1,0
6055,0,0,0,1,1,0,1
6056,1,1,1,1,0,1,1
6057,0,1,1,0,0,1,0
6058,1,1,1,0,0,1,0
6059,0,1,0,0,1,1,1
6061,1,1,0,0,1,1,1
6063,0,1,1,0,1,1,1
6065,0,0,0,0,0,0,1
6066,1,1,0,0,0,1,0
6067,1,1,1,1,0,1,1
6069,0,1,1,0,0,1,1
6070,0,1,1,0,1,1,0
6071,0,1,1,1,0,1,1
6072,0,1,1,1,1,1,1
6073,0,1,0,0,0,1,1
6075,1,1,1,0,0,1,1
6076,0,1,1,1,0,1,1
6077,0,1,0,0,0,1,1
6079,0,1,1,1,1,1,1
6080,0,1,0,0,0,1,0
6081,0,1,1,0,1,1,0
6082,0,1,1,1,1,1,0
6083,0,1,0,0,0,1,1
6084,0,0,1,1,0,0,1
6085,1,1,0,0,0,1,0
6086,0,1,1,0,0,1,1
6087,1,1,1,0,0,1,1
6088,1,1,0,0,0,1,0
6089,0,1,1,0,1,1,1
6090,0,0,0,0,0,0,0
6092,0,1,0,0,0,1,0
6094,1,1,0,0,0,1,0
6096,1,0,0,0,0,0,0
6097,0,1,0,0,0,1,1
6098,1,1,1,1,1,1,0
6100,0,1,1,0,0,1,1
6101,0,1,1,0,0,1,1
6102,0,1,1,0,0,1,0
6103,1,1,0,0,1,1,0
6104,0,1,0,0,0,1,0
6105,0,1,1,0,1,1,1
6106,1,1,1,1,1,1,0
6107,1,1,1,1,1,1,1
6108,0,0,1,1,0,0,1
6109,1,1,1,0,0,1,0
6110,1,1,1,1,1,1,1
6112,0,0,1,1,0,0,1
6113,0,1,1,0,1,1,1
6114,1,1,0,0,0,1,0
6115,0,1,1,0,1,1,1
6116,1,1,1,1,0,1,0
6117,0,1,0,0,0,1,0
6118,1,1,0,0,0,1,0
6119,0,1,0,0,0,1,0
6120,1,1,0,0,0,1,1
6121,0,0,1,1,0,0,0
6122,0,1,1,0,1,1,0
6123,0,1,1,1,1,1,1
6125,0,1,0,0,0,1,0
6126,1,1,0,0,0,1,0
6128,0,0,1,1,0,0,1
6129,1,1,0,0,0,1,0
6130,1,1,1,1,0,1,0
6131,1,1,0,0,0,1,1
6132,0,0,1,1,0,0,0
6133,0,0,1,1,0,0,1
6134,0,1,1,1,0,1,0
6135,0,1,1,0,0,1,1
6136,1,1,0,0,0,1,1
6138,1,0,1,1,0,0,0
6139,1,1,0,0,0,1,0
6140,1,1,0,0,0,1,0
6141,0,1,1,0,1,1,1
6142,1,1,1,0,0,1,0
6143,0,0,1,0,0,0,1
6144,1,1,1,0,0,1,1
6145,1,1,0,0,1,1,0
6146,0,1,0,0,1,1,0
6147,1,1,0,0,1,1,1
6148,1,1,0,0,0,1,0
6149,0,1,0,0,0,1,1
6150,0,0,0,0,0,0,1
6151,1,1,0,0,0,1,0
6152,0,1,0,0,0,1,0
6153,1,1,0,0,0,1,1
6154,0,1,1,0,1,1,1
6155,0,1,0,0,0,1,0
6156,0,1,0,0,0,1,0
6157,0,1,1,0,0,1,0
6158,1,0,1,1,0,0,0
6159,0,0,1,1,0,0,1
6160,0,1,1,1,1,1,1
6163,0,1,0,0,0,1,0
6164,1,0,1,1,0,0,1
6165,0,1,0,0,0,1,1
6166,0,0,1,1,0,0,0
6167,0,0,1,1,0,0,0
6168,0,0,0,1,0,0,0
6170,0,1,0,0,0,1,0
